mean_fit_time,std_fit_time,mean_score_time,std_score_time,param_max_depth,param_max_features,param_min_samples_leaf,param_min_samples_split,params,split0_test_score,split1_test_score,split2_test_score,split3_test_score,split4_test_score,split5_test_score,mean_test_score,std_test_score,rank_test_score
6.976496736208598,2.007781714054483,3.421333392461141,1.4867331833721553,5,0.3,4,2,"{'max_depth': 5, 'max_features': 0.3, 'min_samples_leaf': 4, 'min_samples_split': 2}",-588.4695821496139,-589.3186118895472,-425.61989041489807,-449.9160990076695,-272.59796175364437,-314.8458042364385,-440.127991575302,121.33376700017033,128
7.807295282681783,2.156724891597594,2.6660760243733725,1.599931524732279,5,0.3,4,5,"{'max_depth': 5, 'max_features': 0.3, 'min_samples_leaf': 4, 'min_samples_split': 5}",-588.4695821496138,-589.3186118895471,-425.61989041489807,-449.9160990076695,-272.59796175364437,-314.8458042364385,-440.1279915753019,121.33376700017028,127
9.096273422241211,1.702771028928344,2.0677507321039834,1.58332535359922,5,0.3,4,10,"{'max_depth': 5, 'max_features': 0.3, 'min_samples_leaf': 4, 'min_samples_split': 10}",-588.6801999711904,-589.5324268078257,-425.8450993185994,-450.0654180569025,-272.5922864070023,-314.9515247057421,-440.2778258778771,121.40114154118343,129
8.376201113065084,1.8221724360758653,2.941900293032328,1.5818441136050323,5,0.3,8,2,"{'max_depth': 5, 'max_features': 0.3, 'min_samples_leaf': 8, 'min_samples_split': 2}",-590.7935627767517,-589.757675964632,-425.1794415559968,-453.1809927635287,-272.5658877200484,-313.66430724821345,-440.8569780048619,122.16786972461468,130
8.68793229262034,1.9090963771499694,2.542107860247294,1.6096260341909032,5,0.3,8,5,"{'max_depth': 5, 'max_features': 0.3, 'min_samples_leaf': 8, 'min_samples_split': 5}",-590.7935627767517,-589.757675964632,-425.1794415559968,-453.1809927635287,-272.5658877200484,-313.66430724821345,-440.8569780048619,122.16786972461468,130
8.627640008926392,1.391934686161179,3.3100776274998984,1.5907900055376936,5,0.3,8,10,"{'max_depth': 5, 'max_features': 0.3, 'min_samples_leaf': 8, 'min_samples_split': 10}",-590.7935627767519,-589.757675964632,-425.1794415559968,-453.1809927635287,-272.5658877200484,-313.66430724821345,-440.8569780048619,122.1678697246147,130
8.045437455177307,2.1419578737502736,3.6391157309214273,1.2638631070694062,5,0.3,16,2,"{'max_depth': 5, 'max_features': 0.3, 'min_samples_leaf': 16, 'min_samples_split': 2}",-599.2934261101725,-593.0424840793011,-425.7783631638535,-460.71962682401306,-272.2274155307377,-318.2169812909551,-444.8797161665055,124.00526157606856,133
9.137463688850403,2.3325374168821567,2.7515297730763755,1.794102428624781,5,0.3,16,5,"{'max_depth': 5, 'max_features': 0.3, 'min_samples_leaf': 16, 'min_samples_split': 5}",-599.2934261101725,-593.0424840793011,-425.7783631638535,-460.71962682401306,-272.2274155307377,-318.2169812909551,-444.8797161665055,124.00526157606856,133
5.6523332595825195,1.438879017254628,3.530777414639791,0.9644962922401161,5,0.3,16,10,"{'max_depth': 5, 'max_features': 0.3, 'min_samples_leaf': 16, 'min_samples_split': 10}",-599.2934261101725,-593.0424840793011,-425.7783631638535,-460.71962682401306,-272.22741553073763,-318.2169812909551,-444.8797161665055,124.00526157606858,133
11.079474846522013,3.425583688793548,4.061001459757487,0.8049991335684956,5,0.5,4,2,"{'max_depth': 5, 'max_features': 0.5, 'min_samples_leaf': 4, 'min_samples_split': 2}",-560.7330973792211,-566.3458462060469,-420.55951646071395,-424.0215850331606,-254.92343136796453,-255.18917022988342,-413.6287744461651,126.10096856293137,73
12.800899028778076,2.311729084084477,4.030418515205383,0.7329750275228504,5,0.5,4,5,"{'max_depth': 5, 'max_features': 0.5, 'min_samples_leaf': 4, 'min_samples_split': 5}",-560.7330973792211,-566.3458462060469,-420.55951646071395,-424.0215850331606,-254.92343136796453,-255.18917022988344,-413.6287744461651,126.10096856293137,73
13.205689827601114,2.909824678552663,4.430798768997192,0.6147177104478372,5,0.5,4,10,"{'max_depth': 5, 'max_features': 0.5, 'min_samples_leaf': 4, 'min_samples_split': 10}",-560.6760351063552,-566.197102792845,-420.3900282995256,-424.1720371163781,-254.84197751307104,-255.53212748014576,-413.63488471805346,126.00572940791633,75
14.377147873242697,2.5192283864703104,4.25024398167928,0.5627588696222283,5,0.5,8,2,"{'max_depth': 5, 'max_features': 0.5, 'min_samples_leaf': 8, 'min_samples_split': 2}",-560.7008334542157,-567.3799141285565,-420.2086569463194,-424.8896844948012,-254.51192094325165,-257.59158848281,-414.21376640832585,125.89905322770608,77
13.63278309504191,2.470846416220126,4.582042654355367,0.7130683755691889,5,0.5,8,5,"{'max_depth': 5, 'max_features': 0.5, 'min_samples_leaf': 8, 'min_samples_split': 5}",-560.7008334542159,-567.3799141285565,-420.2086569463194,-424.8896844948012,-254.51192094325165,-257.59158848281,-414.21376640832585,125.89905322770609,77
14.434787511825562,3.504760848491721,5.047701358795166,0.307172024679838,5,0.5,8,10,"{'max_depth': 5, 'max_features': 0.5, 'min_samples_leaf': 8, 'min_samples_split': 10}",-560.7008334542159,-567.3799141285565,-420.2086569463194,-424.8896844948012,-254.51192094325162,-257.59158848281,-414.21376640832574,125.8990532277061,76
15.3644011815389,3.1820799153508506,4.501884539922078,0.4439475818625624,5,0.5,16,2,"{'max_depth': 5, 'max_features': 0.5, 'min_samples_leaf': 16, 'min_samples_split': 2}",-569.5492401332024,-570.888599350157,-419.0279795431465,-429.9337606807329,-254.12685841223967,-257.46628858437464,-416.8321211173088,128.5190405934335,85
14.90295946598053,1.448979055480199,3.7772175470987954,0.5215342165733314,5,0.5,16,5,"{'max_depth': 5, 'max_features': 0.5, 'min_samples_leaf': 16, 'min_samples_split': 5}",-569.5492401332024,-570.888599350157,-419.0279795431465,-429.9337606807329,-254.12685841223967,-257.46628858437464,-416.8321211173088,128.5190405934335,85
14.761644124984741,3.208035049579763,4.661903063456218,1.1105649532587911,5,0.5,16,10,"{'max_depth': 5, 'max_features': 0.5, 'min_samples_leaf': 16, 'min_samples_split': 10}",-569.5492401332023,-570.888599350157,-419.0279795431465,-429.9337606807329,-254.12685841223967,-257.46628858437464,-416.8321211173088,128.51904059343346,85
19.705108880996704,5.501236730441332,5.105098009109497,0.6968641568883214,5,0.7,4,2,"{'max_depth': 5, 'max_features': 0.7, 'min_samples_leaf': 4, 'min_samples_split': 2}",-546.2036454149835,-562.3002748386016,-431.8193695710986,-411.2453370070923,-254.17733701735673,-281.49426903764476,-414.5400388144629,117.54091200339296,79
20.5289781888326,5.019904852492428,5.199432810147603,0.7143579882777454,5,0.7,4,5,"{'max_depth': 5, 'max_features': 0.7, 'min_samples_leaf': 4, 'min_samples_split': 5}",-546.2036454149835,-562.3002748386016,-431.8193695710986,-411.2453370070923,-254.17733701735673,-281.49426903764476,-414.5400388144629,117.54091200339296,79
20.634654839833576,4.177576156766627,5.124106844266255,0.6854380041612465,5,0.7,4,10,"{'max_depth': 5, 'max_features': 0.7, 'min_samples_leaf': 4, 'min_samples_split': 10}",-546.3073604447945,-562.8244077339863,-431.7682047022267,-411.28418338934097,-254.1947899453159,-281.33740470530535,-414.61939182016164,117.69437412002601,81
21.064547896385193,5.124476374608675,5.6184152364730835,0.6736659896548406,5,0.7,8,2,"{'max_depth': 5, 'max_features': 0.7, 'min_samples_leaf': 8, 'min_samples_split': 2}",-548.7287551496719,-563.364252106153,-432.44931107281866,-409.60999391161437,-253.77927928321864,-282.02799232657554,-414.9932639750087,118.25293317034699,84
20.860459367434185,4.952928694627299,5.783909877141316,0.5297545191745512,5,0.7,8,5,"{'max_depth': 5, 'max_features': 0.7, 'min_samples_leaf': 8, 'min_samples_split': 5}",-548.7287551496719,-563.3642521061529,-432.44931107281866,-409.60999391161437,-253.77927928321867,-282.0279923265755,-414.99326397500863,118.25293317034698,82
20.423773248990376,3.2894625568017752,5.373279412587483,0.2996342978068435,5,0.7,8,10,"{'max_depth': 5, 'max_features': 0.7, 'min_samples_leaf': 8, 'min_samples_split': 10}",-548.7287551496719,-563.364252106153,-432.44931107281866,-409.6099939116144,-253.77927928321867,-282.0279923265755,-414.99326397500863,118.252933170347,82
20.309229294459026,4.6639348462959385,5.4650452931722,0.21581327907184178,5,0.7,16,2,"{'max_depth': 5, 'max_features': 0.7, 'min_samples_leaf': 16, 'min_samples_split': 2}",-556.9689712277067,-567.6322637768142,-435.70058552752937,-413.75375007971934,-253.36933130085112,-281.0193372273078,-418.07403985665474,121.03749890842151,88
20.207375407218933,4.485950288440232,5.21066943804423,0.5243201963654309,5,0.7,16,5,"{'max_depth': 5, 'max_features': 0.7, 'min_samples_leaf': 16, 'min_samples_split': 5}",-556.9689712277067,-567.6322637768143,-435.70058552752937,-413.75375007971934,-253.36933130085112,-281.0193372273078,-418.0740398566548,121.03749890842154,90
18.13573384284973,3.020787164380003,3.9284867445627847,1.4153442336294946,5,0.7,16,10,"{'max_depth': 5, 'max_features': 0.7, 'min_samples_leaf': 16, 'min_samples_split': 10}",-556.9689712277067,-567.6322637768142,-435.70058552752937,-413.75375007971934,-253.36933130085112,-281.01933722730786,-418.07403985665474,121.03749890842151,88
12.56309481461843,0.4764077587893027,3.4903348286946616,1.0661202665031695,5,sqrt,4,2,"{'max_depth': 5, 'max_features': 'sqrt', 'min_samples_leaf': 4, 'min_samples_split': 2}",-599.542773532984,-606.9582135268386,-437.64064288754366,-463.3278313945627,-283.8387811549731,-353.2888167212939,-457.4328432030327,118.29372157060034,136
10.626924196879068,0.9215435767932262,1.9110501209894817,0.31782724177169497,5,sqrt,4,5,"{'max_depth': 5, 'max_features': 'sqrt', 'min_samples_leaf': 4, 'min_samples_split': 5}",-599.542773532984,-606.9582135268386,-437.64064288754366,-463.3278313945627,-283.83878115497316,-353.2888167212939,-457.4328432030327,118.29372157060033,136
9.077984770139059,0.6713169308574604,2.0491917928059897,0.29047069322638125,5,sqrt,4,10,"{'max_depth': 5, 'max_features': 'sqrt', 'min_samples_leaf': 4, 'min_samples_split': 10}",-600.5753444987181,-606.4210636401655,-437.941169383089,-464.13648152115,-284.15936523416,-352.45641601864276,-457.61497338265417,118.43118889931199,138
8.609143853187561,0.22133332300363134,1.6953457196553547,0.1795313094303749,5,sqrt,8,2,"{'max_depth': 5, 'max_features': 'sqrt', 'min_samples_leaf': 8, 'min_samples_split': 2}",-604.2250764697998,-607.3183983304878,-436.7718387301093,-467.7615317616708,-283.7694121322753,-349.8825098457825,-458.28812787835426,119.90890342377287,139
8.30842157204946,0.31317932501910645,2.354031960169474,0.5723566541593103,5,sqrt,8,5,"{'max_depth': 5, 'max_features': 'sqrt', 'min_samples_leaf': 8, 'min_samples_split': 5}",-604.2250764697998,-607.3183983304878,-436.7718387301093,-467.7615317616708,-283.76941213227525,-349.8825098457825,-458.28812787835426,119.9089034237729,139
8.669154644012451,0.30306931847619106,1.8048415581385295,0.576455062718316,5,sqrt,8,10,"{'max_depth': 5, 'max_features': 'sqrt', 'min_samples_leaf': 8, 'min_samples_split': 10}",-604.2250764697998,-607.3183983304878,-436.7718387301094,-467.7615317616708,-283.7694121322753,-349.8825098457825,-458.28812787835426,119.90890342377287,139
9.220923026402792,0.5500091095433663,1.772370457649231,0.353999558456978,5,sqrt,16,2,"{'max_depth': 5, 'max_features': 'sqrt', 'min_samples_leaf': 16, 'min_samples_split': 2}",-614.8129672597756,-611.6008586967914,-438.15919644445046,-472.778462751055,-282.765303199633,-349.70096115558687,-461.6362915845487,123.25592346728172,142
8.363489667574564,0.5529438586909595,1.7341323296229045,0.31784347785897143,5,sqrt,16,5,"{'max_depth': 5, 'max_features': 'sqrt', 'min_samples_leaf': 16, 'min_samples_split': 5}",-614.8129672597756,-611.6008586967914,-438.15919644445046,-472.778462751055,-282.765303199633,-349.70096115558687,-461.6362915845487,123.25592346728172,142
8.951887528101603,0.7805774844774171,2.512001077334086,0.7171781441450747,5,sqrt,16,10,"{'max_depth': 5, 'max_features': 'sqrt', 'min_samples_leaf': 16, 'min_samples_split': 10}",-614.8129672597756,-611.6008586967914,-438.15919644445046,-472.778462751055,-282.765303199633,-349.70096115558687,-461.6362915845487,123.25592346728172,142
12.842389980951944,3.1973799805663288,4.429190953572591,1.6228248299094208,10,0.3,4,2,"{'max_depth': 10, 'max_features': 0.3, 'min_samples_leaf': 4, 'min_samples_split': 2}",-553.2377238246798,-550.3389656954904,-386.30357630302035,-400.24078216039834,-255.97181899687794,-306.5246384051998,-408.7695842309445,112.02051977974065,58
16.08367355664571,4.376314356227401,4.78059967358907,0.7642643342623107,10,0.3,4,5,"{'max_depth': 10, 'max_features': 0.3, 'min_samples_leaf': 4, 'min_samples_split': 5}",-553.2377238246798,-550.3389656954904,-386.30357630302035,-400.24078216039834,-255.97181899687797,-306.5246384051999,-408.7695842309445,112.02051977974064,58
17.692228595415752,2.630302996199802,4.104467272758484,0.6131205185739581,10,0.3,4,10,"{'max_depth': 10, 'max_features': 0.3, 'min_samples_leaf': 4, 'min_samples_split': 10}",-553.7503299918612,-551.5430778244173,-386.3045071605461,-399.9562128470669,-256.01088692350294,-303.28388057982346,-408.4748158878696,112.87749573821782,57
14.297938346862793,2.1649183182658174,3.701246897379557,0.6599399218628383,10,0.3,8,2,"{'max_depth': 10, 'max_features': 0.3, 'min_samples_leaf': 8, 'min_samples_split': 2}",-559.323681441662,-556.17340393823,-387.7689360026086,-408.82214946151777,-254.04479332343834,-306.554344206064,-412.1145513955867,114.85936010549747,64
14.372809410095215,3.357684059427674,4.451002279917399,0.7946129285033197,10,0.3,8,5,"{'max_depth': 10, 'max_features': 0.3, 'min_samples_leaf': 8, 'min_samples_split': 5}",-559.323681441662,-556.17340393823,-387.7689360026086,-408.82214946151777,-254.0447933234384,-306.554344206064,-412.1145513955867,114.85936010549747,64
15.904619892438253,3.0860231018399027,3.7980747620264688,0.6624292672459137,10,0.3,8,10,"{'max_depth': 10, 'max_features': 0.3, 'min_samples_leaf': 8, 'min_samples_split': 10}",-559.323681441662,-556.17340393823,-387.76893600260854,-408.82214946151777,-254.04479332343834,-306.554344206064,-412.1145513955867,114.85936010549749,64
13.909183541933695,1.2631298179648158,3.9239302476247153,0.7638701279908506,10,0.3,16,2,"{'max_depth': 10, 'max_features': 0.3, 'min_samples_leaf': 16, 'min_samples_split': 2}",-575.1593428424766,-566.3504732844472,-390.0857732806393,-423.0187319507973,-251.4707510583668,-305.7709954987866,-418.64267798591897,120.99323375335823,94
14.195295373598734,2.4840686689846443,4.715657711029053,0.6809386711368917,10,0.3,16,5,"{'max_depth': 10, 'max_features': 0.3, 'min_samples_leaf': 16, 'min_samples_split': 5}",-575.1593428424766,-566.3504732844472,-390.0857732806393,-423.01873195079736,-251.4707510583668,-305.7709954987866,-418.64267798591897,120.99323375335823,94
14.15448542435964,2.6025327878129665,4.763172904650371,0.5726725653911704,10,0.3,16,10,"{'max_depth': 10, 'max_features': 0.3, 'min_samples_leaf': 16, 'min_samples_split': 10}",-575.1593428424766,-566.3504732844472,-390.0857732806393,-423.0187319507973,-251.47075105836683,-305.7709954987866,-418.64267798591897,120.99323375335821,94
21.26063859462738,6.557429266411559,6.264801104863484,1.716652538452783,10,0.5,4,2,"{'max_depth': 10, 'max_features': 0.5, 'min_samples_leaf': 4, 'min_samples_split': 2}",-529.326279964204,-542.9801589755592,-391.57115003677035,-385.4119220817568,-259.1519247045349,-268.2319320978538,-396.1122279767798,111.47704209416219,1
25.45540662606557,8.369082744486263,6.424450675646464,0.9668245091824901,10,0.5,4,5,"{'max_depth': 10, 'max_features': 0.5, 'min_samples_leaf': 4, 'min_samples_split': 5}",-529.326279964204,-542.9801589755592,-391.57115003677035,-385.4119220817568,-259.1519247045349,-268.2319320978538,-396.1122279767798,111.47704209416219,1
27.600553433100384,5.6583495623475795,6.132334311803182,1.136166169854933,10,0.5,4,10,"{'max_depth': 10, 'max_features': 0.5, 'min_samples_leaf': 4, 'min_samples_split': 10}",-530.2989792537397,-544.1004477820757,-392.3612004247118,-383.9425758883954,-259.0089066371696,-267.8683683199988,-396.2634130510151,112.03603525913324,3
24.244589805603027,5.741406569241026,5.8747452100118,0.6120617329894543,10,0.5,8,2,"{'max_depth': 10, 'max_features': 0.5, 'min_samples_leaf': 8, 'min_samples_split': 2}",-534.775183034252,-542.0682766906741,-394.3569359522042,-390.6332908066891,-256.5778235209043,-260.7891739636819,-396.53344732806767,114.26927079190688,4
24.61130392551422,6.947623313500248,6.019979635874431,0.9223613554664755,10,0.5,8,5,"{'max_depth': 10, 'max_features': 0.5, 'min_samples_leaf': 8, 'min_samples_split': 5}",-534.775183034252,-542.0682766906741,-394.3569359522042,-390.63329080668916,-256.57782352090436,-260.78917396368195,-396.53344732806767,114.26927079190685,4
25.90429385503133,5.837072650708667,5.8487099806467695,0.8151263005986275,10,0.5,8,10,"{'max_depth': 10, 'max_features': 0.5, 'min_samples_leaf': 8, 'min_samples_split': 10}",-534.775183034252,-542.0682766906741,-394.3569359522042,-390.63329080668916,-256.5778235209043,-260.7891739636819,-396.53344732806767,114.26927079190688,4
22.800214330355328,4.7194500812111695,5.754224538803101,0.6328969965375848,10,0.5,16,2,"{'max_depth': 10, 'max_features': 0.5, 'min_samples_leaf': 16, 'min_samples_split': 2}",-546.1268668178767,-546.7572576202994,-393.31526365484876,-403.9141484450161,-254.50840548686293,-257.93381428808806,-400.42595938549863,118.53289042611209,19
22.85654143492381,6.873723486571924,6.133394559224446,0.34490280444655164,10,0.5,16,5,"{'max_depth': 10, 'max_features': 0.5, 'min_samples_leaf': 16, 'min_samples_split': 5}",-546.1268668178767,-546.7572576202994,-393.3152636548488,-403.9141484450161,-254.50840548686293,-257.93381428808806,-400.42595938549863,118.53289042611209,19
23.807523171106975,5.857834840461036,6.417071382204692,0.35268779021405555,10,0.5,16,10,"{'max_depth': 10, 'max_features': 0.5, 'min_samples_leaf': 16, 'min_samples_split': 10}",-546.1268668178767,-546.7572576202994,-393.31526365484876,-403.9141484450161,-254.50840548686293,-257.93381428808806,-400.42595938549863,118.53289042611209,19
32.654822627703346,11.633999408354192,7.117459177970886,1.0888575919943788,10,0.7,4,2,"{'max_depth': 10, 'max_features': 0.7, 'min_samples_leaf': 4, 'min_samples_split': 2}",-520.8958282736287,-557.0282152264601,-404.32604399423616,-384.3846031770916,-258.6661364576912,-300.2696197349169,-404.26174114400413,107.5086446538868,47
36.136881391207375,11.083133244798736,7.602793733278911,1.3084548195880081,10,0.7,4,5,"{'max_depth': 10, 'max_features': 0.7, 'min_samples_leaf': 4, 'min_samples_split': 5}",-520.8958282736287,-557.0282152264601,-404.32604399423616,-384.3846031770916,-258.6661364576912,-300.2696197349169,-404.26174114400413,107.5086446538868,47
38.12012950579325,9.505580478656682,7.65341333548228,1.0685139035432822,10,0.7,4,10,"{'max_depth': 10, 'max_features': 0.7, 'min_samples_leaf': 4, 'min_samples_split': 10}",-519.9076471099311,-557.1571403663123,-405.1927984976656,-384.6176401843488,-256.7488899421264,-297.8844892089348,-403.58476755155317,108.1751261302964,46
35.0309651295344,8.502788407368355,7.564045230547587,0.552426154686911,10,0.7,8,2,"{'max_depth': 10, 'max_features': 0.7, 'min_samples_leaf': 8, 'min_samples_split': 2}",-524.3196948295713,-548.7533571418265,-413.41982661150746,-386.29117962703646,-255.89276279813456,-281.76434085573425,-401.74019364396844,110.06011126463672,28
33.7903208732605,10.339850919336387,7.417825023333232,0.6713109240513822,10,0.7,8,5,"{'max_depth': 10, 'max_features': 0.7, 'min_samples_leaf': 8, 'min_samples_split': 5}",-524.3196948295713,-548.7533571418265,-413.4198266115074,-386.29117962703646,-255.89276279813456,-281.76434085573425,-401.74019364396844,110.06011126463672,28
34.89361774921417,9.695059233577197,7.276813904444377,0.49985361129713846,10,0.7,8,10,"{'max_depth': 10, 'max_features': 0.7, 'min_samples_leaf': 8, 'min_samples_split': 10}",-524.3196948295713,-548.7533571418265,-413.41982661150746,-386.29117962703646,-255.89276279813456,-281.76434085573425,-401.74019364396844,110.06011126463672,28
32.10396349430084,8.003382243017494,7.586059649785359,0.754004065865338,10,0.7,16,2,"{'max_depth': 10, 'max_features': 0.7, 'min_samples_leaf': 16, 'min_samples_split': 2}",-536.6197411993164,-550.1289259167505,-409.32306226614014,-393.92731416957287,-250.7989635042168,-273.045204748165,-402.30720196736024,115.23452559081485,31
31.23968017101288,8.606041710917266,7.210758050282796,1.5238280016436345,10,0.7,16,5,"{'max_depth': 10, 'max_features': 0.7, 'min_samples_leaf': 16, 'min_samples_split': 5}",-536.6197411993164,-550.1289259167505,-409.32306226614014,-393.9273141695728,-250.79896350421674,-273.045204748165,-402.30720196736024,115.23452559081487,31
30.16128182411194,7.432201648149981,6.005396286646525,1.9104798269517858,10,0.7,16,10,"{'max_depth': 10, 'max_features': 0.7, 'min_samples_leaf': 16, 'min_samples_split': 10}",-536.6197411993164,-550.1289259167505,-409.32306226614014,-393.9273141695728,-250.79896350421677,-273.045204748165,-402.30720196736024,115.23452559081487,31
20.106778383255005,1.089944964841815,5.168241461118062,1.2257170287315942,10,sqrt,4,2,"{'max_depth': 10, 'max_features': 'sqrt', 'min_samples_leaf': 4, 'min_samples_split': 2}",-560.9899703750411,-564.057389345415,-389.73350769364174,-409.89360982592075,-256.266462204305,-337.8350203840483,-419.79599330472865,111.95862957081273,104
14.826096494992575,0.8028296500014204,3.9535452922185264,0.395878639446563,10,sqrt,4,5,"{'max_depth': 10, 'max_features': 'sqrt', 'min_samples_leaf': 4, 'min_samples_split': 5}",-560.9899703750411,-564.057389345415,-389.7335076936418,-409.89360982592075,-256.266462204305,-337.8350203840483,-419.79599330472865,111.95862957081273,104
13.471989591916403,1.6496128907062526,3.413881500562032,0.4160760393150424,10,sqrt,4,10,"{'max_depth': 10, 'max_features': 'sqrt', 'min_samples_leaf': 4, 'min_samples_split': 10}",-561.4259458083181,-563.7225224311413,-390.08191014989694,-410.9281412359209,-256.97069010146174,-335.39676001851404,-419.7543282908755,112.0794021347426,100
12.515356659889221,1.4555545950813573,3.9053367376327515,0.8093018435055072,10,sqrt,8,2,"{'max_depth': 10, 'max_features': 'sqrt', 'min_samples_leaf': 8, 'min_samples_split': 2}",-570.8558144283281,-569.8798020953423,-389.47974302485113,-420.00240901070345,-254.75982862279054,-333.6350052545208,-423.1021004060894,116.08790226030231,109
12.913439671198526,1.7998705587964183,4.004332065582275,0.4887360454534362,10,sqrt,8,5,"{'max_depth': 10, 'max_features': 'sqrt', 'min_samples_leaf': 8, 'min_samples_split': 5}",-570.8558144283281,-569.8798020953423,-389.47974302485113,-420.00240901070345,-254.75982862279054,-333.6350052545208,-423.1021004060894,116.08790226030231,109
13.160244345664978,1.1353243495593925,3.817638913790385,0.29224382926527476,10,sqrt,8,10,"{'max_depth': 10, 'max_features': 'sqrt', 'min_samples_leaf': 8, 'min_samples_split': 10}",-570.8558144283281,-569.8798020953423,-389.47974302485113,-420.00240901070345,-254.75982862279054,-333.6350052545208,-423.1021004060894,116.08790226030231,109
11.937487244606018,0.7980466490588031,3.152421514193217,0.29112121247537,10,sqrt,16,2,"{'max_depth': 10, 'max_features': 'sqrt', 'min_samples_leaf': 16, 'min_samples_split': 2}",-589.190806120128,-583.2743211306575,-395.9387523623261,-434.6983709395589,-251.78132332989574,-338.3084159782868,-432.19866497680886,122.58140973772852,121
11.790599385897318,1.9270362648205421,3.8037859201431274,0.515771740364997,10,sqrt,16,5,"{'max_depth': 10, 'max_features': 'sqrt', 'min_samples_leaf': 16, 'min_samples_split': 5}",-589.190806120128,-583.2743211306575,-395.9387523623261,-434.6983709395589,-251.78132332989574,-338.3084159782868,-432.19866497680886,122.58140973772852,121
12.291879097620646,1.9025817965942382,4.063056747118632,0.5134660315706288,10,sqrt,16,10,"{'max_depth': 10, 'max_features': 'sqrt', 'min_samples_leaf': 16, 'min_samples_split': 10}",-589.190806120128,-583.2743211306575,-395.93875236232617,-434.6983709395589,-251.78132332989574,-338.3084159782868,-432.19866497680886,122.58140973772852,121
17.391684889793396,4.471700958182647,5.361646453539531,0.4821096901276687,20,0.3,4,2,"{'max_depth': 20, 'max_features': 0.3, 'min_samples_leaf': 4, 'min_samples_split': 2}",-551.3499008184604,-548.1485328899188,-382.39443063512607,-395.863167153089,-269.6562333085283,-306.5073647446926,-408.9866049249692,108.34179378837428,60
19.594011545181274,5.9767995608280176,4.798452854156494,0.5426430367613257,20,0.3,4,5,"{'max_depth': 20, 'max_features': 0.3, 'min_samples_leaf': 4, 'min_samples_split': 5}",-551.3499008184604,-548.1485328899188,-382.39443063512607,-395.8631671530891,-269.6562333085283,-306.50736474469267,-408.9866049249692,108.34179378837426,60
20.402828137079876,5.009609583787498,5.105605522791545,0.5446044714400132,20,0.3,4,10,"{'max_depth': 20, 'max_features': 0.3, 'min_samples_leaf': 4, 'min_samples_split': 10}",-551.5553501251243,-548.3846720275577,-381.8255131716452,-396.84807000250424,-268.3593796533094,-299.92001467899235,-407.81549994318885,109.77708157094294,49
17.93907944361369,2.9047255630652677,4.610147873560588,0.31842864440775903,20,0.3,8,2,"{'max_depth': 20, 'max_features': 0.3, 'min_samples_leaf': 8, 'min_samples_split': 2}",-558.9539258106165,-553.3464067890479,-383.97720470273725,-405.96802690797944,-263.93196268607494,-310.26398823450336,-412.74025252182656,111.55491674518662,72
16.88746114571889,3.4948248353894775,4.375609517097473,0.5050141792647894,20,0.3,8,5,"{'max_depth': 20, 'max_features': 0.3, 'min_samples_leaf': 8, 'min_samples_split': 5}",-558.9539258106165,-553.3464067890478,-383.9772047027373,-405.96802690797944,-263.93196268607494,-310.26398823450336,-412.7402525218265,111.55491674518659,70
17.382163604100544,3.444598476457004,4.8094611167907715,0.659579899252023,20,0.3,8,10,"{'max_depth': 20, 'max_features': 0.3, 'min_samples_leaf': 8, 'min_samples_split': 10}",-558.9539258106165,-553.3464067890478,-383.97720470273725,-405.96802690797944,-263.93196268607494,-310.26398823450336,-412.7402525218265,111.55491674518659,70
15.94046938419342,2.524567739718174,4.650652964909871,0.22061697462655136,20,0.3,16,2,"{'max_depth': 20, 'max_features': 0.3, 'min_samples_leaf': 16, 'min_samples_split': 2}",-575.0967158769687,-565.0805293186007,-388.41831525233704,-422.7867794431086,-257.8749936522579,-309.4446541731735,-419.7836646194077,118.7541168286494,101
14.472952246665955,2.012768843358396,4.080199758211772,0.47848723812950394,20,0.3,16,5,"{'max_depth': 20, 'max_features': 0.3, 'min_samples_leaf': 16, 'min_samples_split': 5}",-575.0967158769687,-565.0805293186007,-388.41831525233704,-422.7867794431086,-257.87499365225784,-309.4446541731735,-419.7836646194077,118.75411682864942,101
15.198973059654236,3.1971856823606006,4.815097808837891,1.69665414910202,20,0.3,16,10,"{'max_depth': 20, 'max_features': 0.3, 'min_samples_leaf': 16, 'min_samples_split': 10}",-575.0967158769687,-565.0805293186007,-388.41831525233704,-422.7867794431086,-257.87499365225784,-309.4446541731735,-419.7836646194077,118.75411682864942,101
28.519609689712524,10.330074233951098,7.194549997647603,0.6062074315759342,20,0.5,4,2,"{'max_depth': 20, 'max_features': 0.5, 'min_samples_leaf': 4, 'min_samples_split': 2}",-529.07815723513,-542.9170280238998,-391.9297966836662,-383.0034867457587,-270.9954940964405,-272.3564349918052,-398.3800662961167,108.28954577040402,13
32.304108460744224,9.698073267088786,7.350457866986592,0.5579314031337574,20,0.5,4,5,"{'max_depth': 20, 'max_features': 0.5, 'min_samples_leaf': 4, 'min_samples_split': 5}",-529.07815723513,-542.9170280238998,-391.9297966836662,-383.0034867457587,-270.9954940964405,-272.3564349918052,-398.3800662961167,108.28954577040402,13
32.07360601425171,7.794029755220903,7.167924880981445,0.5858594898583626,20,0.5,4,10,"{'max_depth': 20, 'max_features': 0.5, 'min_samples_leaf': 4, 'min_samples_split': 10}",-529.2063308644734,-543.5446789306327,-392.7188980802142,-382.56992977206755,-270.78876232685514,-272.85674809054575,-398.61422467746485,108.40172260758034,15
28.744145313898724,7.342711767019479,6.925377567609151,0.541716781065814,20,0.5,8,2,"{'max_depth': 20, 'max_features': 0.5, 'min_samples_leaf': 8, 'min_samples_split': 2}",-533.53181159138,-540.849409714065,-393.0725495981355,-389.7433147958472,-266.97699315352963,-262.43725681370375,-397.7685559444435,111.36370046840537,10
27.982333461443584,7.844945500018708,6.823004722595215,0.3465145779671092,20,0.5,8,5,"{'max_depth': 20, 'max_features': 0.5, 'min_samples_leaf': 8, 'min_samples_split': 5}",-533.53181159138,-540.849409714065,-393.0725495981354,-389.7433147958472,-266.97699315352963,-262.4372568137037,-397.7685559444435,111.3637004684054,10
27.986043175061543,7.785769256065614,6.046579917271932,0.3927884567017376,20,0.5,8,10,"{'max_depth': 20, 'max_features': 0.5, 'min_samples_leaf': 8, 'min_samples_split': 10}",-533.53181159138,-540.849409714065,-393.0725495981354,-389.7433147958472,-266.97699315352963,-262.43725681370375,-397.7685559444435,111.36370046840537,10
26.466419498125713,6.352297482710559,6.329707344373067,0.6368096412779822,20,0.5,16,2,"{'max_depth': 20, 'max_features': 0.5, 'min_samples_leaf': 16, 'min_samples_split': 2}",-545.7904791062616,-546.8885982023711,-394.37180578765003,-402.514460221693,-261.6420424067259,-253.68399356554804,-400.81522988170826,117.90987640986509,25
24.773451606432598,6.772013643807585,6.469854513804118,0.9815307565997883,20,0.5,16,5,"{'max_depth': 20, 'max_features': 0.5, 'min_samples_leaf': 16, 'min_samples_split': 5}",-545.7904791062616,-546.8885982023711,-394.37180578765003,-402.514460221693,-261.6420424067259,-253.68399356554804,-400.81522988170826,117.90987640986509,25
24.358572483062744,7.521447289094533,6.979726076126099,1.1089514475116327,20,0.5,16,10,"{'max_depth': 20, 'max_features': 0.5, 'min_samples_leaf': 16, 'min_samples_split': 10}",-545.7904791062616,-546.8885982023711,-394.37180578765003,-402.514460221693,-261.6420424067259,-253.68399356554804,-400.81522988170826,117.90987640986509,25
39.71355322996775,14.62928912515137,8.310062368710836,0.7927387987793271,20,0.7,4,2,"{'max_depth': 20, 'max_features': 0.7, 'min_samples_leaf': 4, 'min_samples_split': 2}",-521.6628722440364,-557.3817750957285,-406.07456450594054,-383.5209294198302,-271.6620391848596,-307.32111283955095,-407.93721554832433,103.73150412129593,50
43.66173807779948,14.784456518792082,8.606436332066854,0.7106044845643453,20,0.7,4,5,"{'max_depth': 20, 'max_features': 0.7, 'min_samples_leaf': 4, 'min_samples_split': 5}",-521.6628722440364,-557.3817750957284,-406.07456450594054,-383.5209294198302,-271.6620391848596,-307.321112839551,-407.93721554832433,103.7315041212959,50
44.151521722475685,12.997910622284044,8.77620804309845,0.6825804925414425,20,0.7,4,10,"{'max_depth': 20, 'max_features': 0.7, 'min_samples_leaf': 4, 'min_samples_split': 10}",-520.1141271437236,-558.1765807463903,-407.8177786141272,-385.51440011940366,-270.3824305543515,-307.49262305406404,-408.2496567053434,103.81728547979303,53
40.28903190294901,10.768388642391571,8.455617984135946,1.0308308157157215,20,0.7,8,2,"{'max_depth': 20, 'max_features': 0.7, 'min_samples_leaf': 8, 'min_samples_split': 2}",-523.4024297607956,-549.2526646342292,-415.27247080269757,-385.88814079930347,-265.4458183353455,-281.50730531767806,-403.4614716083415,108.02034244233505,43
39.75619808832804,11.291336214089101,7.896281917889913,0.9529101397418501,20,0.7,8,5,"{'max_depth': 20, 'max_features': 0.7, 'min_samples_leaf': 8, 'min_samples_split': 5}",-523.4024297607956,-549.2526646342292,-415.27247080269757,-385.88814079930347,-265.4458183353455,-281.50730531767806,-403.4614716083415,108.02034244233505,43
37.919126550356545,11.294164313917122,7.650464773178101,0.3700806630329774,20,0.7,8,10,"{'max_depth': 20, 'max_features': 0.7, 'min_samples_leaf': 8, 'min_samples_split': 10}",-523.4024297607955,-549.2526646342292,-415.27247080269757,-385.88814079930347,-265.4458183353455,-281.50730531767806,-403.4614716083415,108.02034244233504,43
35.339889804522194,9.82041119069499,7.403969168663025,0.3755096913818335,20,0.7,16,2,"{'max_depth': 20, 'max_features': 0.7, 'min_samples_leaf': 16, 'min_samples_split': 2}",-536.2977073181281,-549.5470663740567,-409.7043908299454,-393.55445661152817,-255.03028523272272,-272.4580235814408,-402.76532165797033,114.2471022516862,37
34.11510376135508,9.413880700831603,7.110348741213481,0.7915488331331585,20,0.7,16,5,"{'max_depth': 20, 'max_features': 0.7, 'min_samples_leaf': 16, 'min_samples_split': 5}",-536.2977073181281,-549.5470663740568,-409.7043908299454,-393.55445661152817,-255.03028523272272,-272.4580235814407,-402.76532165797033,114.24710225168623,37
32.334109465281166,7.900633824427446,5.694110194842021,1.1549754628628621,20,0.7,16,10,"{'max_depth': 20, 'max_features': 0.7, 'min_samples_leaf': 16, 'min_samples_split': 10}",-536.2977073181281,-549.5470663740567,-409.7043908299454,-393.55445661152817,-255.03028523272272,-272.4580235814408,-402.76532165797033,114.2471022516862,37
22.372505982716877,3.381087205885869,5.53996221224467,0.7786822850004782,20,sqrt,4,2,"{'max_depth': 20, 'max_features': 'sqrt', 'min_samples_leaf': 4, 'min_samples_split': 2}",-559.6659806085516,-560.4464446031944,-382.9521011766713,-404.1879756298949,-266.8758928458117,-341.0624420603096,-419.1984728207389,108.41942663660855,98
18.260180234909058,2.1132536911991746,4.499858657519023,0.48308454781102317,20,sqrt,4,5,"{'max_depth': 20, 'max_features': 'sqrt', 'min_samples_leaf': 4, 'min_samples_split': 5}",-559.6659806085516,-560.4464446031945,-382.9521011766713,-404.1879756298949,-266.8758928458117,-341.0624420603096,-419.1984728207389,108.41942663660856,98
16.2832027276357,3.1367204586336603,4.357631206512451,0.5576073528242945,20,sqrt,4,10,"{'max_depth': 20, 'max_features': 'sqrt', 'min_samples_leaf': 4, 'min_samples_split': 10}",-558.0769119313435,-559.3005576373254,-383.9263557003544,-405.48426146888534,-266.29969781371875,-336.3044422334663,-418.23203779751566,108.46802031369714,93
15.337161699930826,2.3465243974479137,4.323080023129781,0.6999390936034641,20,sqrt,8,2,"{'max_depth': 20, 'max_features': 'sqrt', 'min_samples_leaf': 8, 'min_samples_split': 2}",-570.333213491626,-566.7368510972364,-385.74428492398835,-417.06841210462744,-262.0326525399968,-338.8629596110938,-423.4630622947614,113.1214481250752,112
14.765776117642721,1.2402000801439843,4.143394549687703,0.5261983646314833,20,sqrt,8,5,"{'max_depth': 20, 'max_features': 'sqrt', 'min_samples_leaf': 8, 'min_samples_split': 5}",-570.333213491626,-566.7368510972364,-385.74428492398835,-417.06841210462744,-262.0326525399968,-338.8629596110938,-423.4630622947614,113.1214481250752,112
13.925005952517191,1.937700376071655,4.134484052658081,0.43993395677156244,20,sqrt,8,10,"{'max_depth': 20, 'max_features': 'sqrt', 'min_samples_leaf': 8, 'min_samples_split': 10}",-570.333213491626,-566.7368510972364,-385.74428492398835,-417.06841210462744,-262.0326525399968,-338.8629596110938,-423.4630622947614,113.1214481250752,112
13.446724692980448,1.635182141611656,4.0830665826797485,0.6139531284017954,20,sqrt,16,2,"{'max_depth': 20, 'max_features': 'sqrt', 'min_samples_leaf': 16, 'min_samples_split': 2}",-589.1039396326414,-580.8800847624234,-393.1283465695856,-432.3103009214868,-256.44307648031787,-342.1539617640027,-432.3366183550763,120.58875937453506,124
13.222938140233358,1.8538624248291282,3.933470129966736,0.3145502384221341,20,sqrt,16,5,"{'max_depth': 20, 'max_features': 'sqrt', 'min_samples_leaf': 16, 'min_samples_split': 5}",-589.1039396326414,-580.8800847624234,-393.1283465695856,-432.3103009214868,-256.44307648031787,-342.1539617640027,-432.3366183550763,120.58875937453506,124
12.678405920664469,1.9320367456692968,4.232759435971578,0.38712035340156303,20,sqrt,16,10,"{'max_depth': 20, 'max_features': 'sqrt', 'min_samples_leaf': 16, 'min_samples_split': 10}",-589.1039396326414,-580.8800847624234,-393.1283465695856,-432.3103009214868,-256.44307648031787,-342.1539617640027,-432.3366183550763,120.58875937453506,124
17.11820916334788,5.003508887646266,5.082563479741414,0.6589529041071231,40,0.3,4,2,"{'max_depth': 40, 'max_features': 0.3, 'min_samples_leaf': 4, 'min_samples_split': 2}",-551.3299703649726,-547.8816043943086,-381.98506458603555,-396.3841857489809,-269.66789840888464,-309.3754978321845,-409.4373702225611,107.83646122530526,62
19.765292406082153,5.598086017664208,5.338309168815613,0.3397955531761302,40,0.3,4,5,"{'max_depth': 40, 'max_features': 0.3, 'min_samples_leaf': 4, 'min_samples_split': 5}",-551.3299703649725,-547.8816043943086,-381.98506458603555,-396.3841857489809,-269.6678984088846,-309.37549783218446,-409.4373702225611,107.83646122530524,62
20.26972421010335,4.3586286853629685,5.014305949211121,0.47742841634370753,40,0.3,4,10,"{'max_depth': 40, 'max_features': 0.3, 'min_samples_leaf': 4, 'min_samples_split': 10}",-551.5719722116514,-548.5176960957846,-381.6931681739551,-396.61239128679495,-267.94639332872526,-301.61481359360744,-407.9927391150865,109.63019768428441,52
17.916401346524555,3.1740207564985288,4.730996489524841,0.3594552375410692,40,0.3,8,2,"{'max_depth': 40, 'max_features': 0.3, 'min_samples_leaf': 8, 'min_samples_split': 2}",-558.9539258106165,-553.3871953478667,-384.14223754506025,-405.30108022884866,-263.8899107468067,-307.8033263370637,-412.2462793360437,111.95230174388655,67
16.808960636456806,3.4939947936811815,4.81153662999471,0.6436378524756244,40,0.3,8,5,"{'max_depth': 40, 'max_features': 0.3, 'min_samples_leaf': 8, 'min_samples_split': 5}",-558.9539258106165,-553.3871953478667,-384.14223754506025,-405.30108022884866,-263.8899107468067,-307.8033263370637,-412.2462793360437,111.95230174388655,67
17.49149004618327,3.3719513035410245,4.4670469760894775,0.7266028117105624,40,0.3,8,10,"{'max_depth': 40, 'max_features': 0.3, 'min_samples_leaf': 8, 'min_samples_split': 10}",-558.9539258106165,-553.3871953478667,-384.1422375450602,-405.30108022884866,-263.8899107468067,-307.8033263370637,-412.2462793360437,111.95230174388655,67
15.119089365005493,2.269096451989685,4.472399393717448,0.46057872765093855,40,0.3,16,2,"{'max_depth': 40, 'max_features': 0.3, 'min_samples_leaf': 16, 'min_samples_split': 2}",-575.0967158769687,-565.0805293186007,-388.4244902632629,-422.73545162350246,-257.92045517469523,-310.3995410385067,-419.9428638825895,118.5958590072733,106
15.352684338887533,1.789044641584227,4.091352144877116,0.5287553151992684,40,0.3,16,5,"{'max_depth': 40, 'max_features': 0.3, 'min_samples_leaf': 16, 'min_samples_split': 5}",-575.0967158769687,-565.0805293186007,-388.42449026326295,-422.73545162350246,-257.92045517469523,-310.3995410385067,-419.9428638825895,118.59585900727329,106
14.837319016456604,2.7900927693315403,5.016248504320781,1.2510933325846436,40,0.3,16,10,"{'max_depth': 40, 'max_features': 0.3, 'min_samples_leaf': 16, 'min_samples_split': 10}",-575.0967158769687,-565.0805293186007,-388.4244902632629,-422.73545162350246,-257.92045517469523,-310.3995410385067,-419.9428638825895,118.5958590072733,106
27.903380672136944,10.272016784366789,7.737390478452046,0.9370348313480242,40,0.5,4,2,"{'max_depth': 40, 'max_features': 0.5, 'min_samples_leaf': 4, 'min_samples_split': 2}",-529.1527907131939,-543.1090100107913,-391.10160388159824,-382.7885103306921,-270.9854234172378,-275.55897723859107,-398.7827192653508,107.74776672689842,16
31.6873060464859,10.091192863053317,7.321915626525879,0.7827511725785813,40,0.5,4,5,"{'max_depth': 40, 'max_features': 0.5, 'min_samples_leaf': 4, 'min_samples_split': 5}",-529.1527907131939,-543.1090100107914,-391.1016038815982,-382.7885103306921,-270.9854234172379,-275.55897723859107,-398.7827192653508,107.74776672689843,16
32.7483522494634,9.025910370557705,7.008220911026001,0.806715620816639,40,0.5,4,10,"{'max_depth': 40, 'max_features': 0.5, 'min_samples_leaf': 4, 'min_samples_split': 10}",-529.2378420739599,-543.6240271567107,-392.94785483335977,-383.0630038581459,-270.55271801180686,-273.6015141271119,-398.83782667684915,108.31431711651138,18
29.134845813115437,7.491114947598091,6.39825455347697,0.4621548217437908,40,0.5,8,2,"{'max_depth': 40, 'max_features': 0.5, 'min_samples_leaf': 8, 'min_samples_split': 2}",-533.53181159138,-540.9160868004092,-392.8253491039861,-389.94011263743124,-266.95678048785595,-262.32508843283574,-397.74920484231643,111.4041054265771,7
28.196067571640015,8.113853288264822,6.569491585095723,0.5872451800690104,40,0.5,8,5,"{'max_depth': 40, 'max_features': 0.5, 'min_samples_leaf': 8, 'min_samples_split': 5}",-533.53181159138,-540.9160868004093,-392.8253491039861,-389.94011263743135,-266.95678048785595,-262.32508843283574,-397.74920484231643,111.40410542657713,7
28.317776799201965,6.84210078437323,6.519349257151286,0.5486061294321866,40,0.5,8,10,"{'max_depth': 40, 'max_features': 0.5, 'min_samples_leaf': 8, 'min_samples_split': 10}",-533.53181159138,-540.9160868004092,-392.8253491039861,-389.9401126374313,-266.95678048785595,-262.32508843283574,-397.74920484231643,111.4041054265771,7
25.07649068037669,6.480694494207225,6.291548093159993,0.5119369852677967,40,0.5,16,2,"{'max_depth': 40, 'max_features': 0.5, 'min_samples_leaf': 16, 'min_samples_split': 2}",-545.7904791062616,-546.8885982023711,-394.37180578765003,-402.34168235818817,-261.57390612257564,-253.79318678424931,-400.7932763935493,117.90018666828384,22
25.51894934972127,6.380129401447014,6.311917185783386,0.5564006518456841,40,0.5,16,5,"{'max_depth': 40, 'max_features': 0.5, 'min_samples_leaf': 16, 'min_samples_split': 5}",-545.7904791062616,-546.8885982023711,-394.37180578765003,-402.34168235818817,-261.57390612257564,-253.79318678424934,-400.7932763935493,117.90018666828382,22
24.18510357538859,6.155236386417231,7.174978534380595,0.6669907761083682,40,0.5,16,10,"{'max_depth': 40, 'max_features': 0.5, 'min_samples_leaf': 16, 'min_samples_split': 10}",-545.7904791062616,-546.8885982023711,-394.37180578765003,-402.34168235818817,-261.57390612257564,-253.79318678424931,-400.7932763935493,117.90018666828384,22
38.563957850138344,15.1411032485035,8.389271457990011,1.237832591946481,40,0.7,4,2,"{'max_depth': 40, 'max_features': 0.7, 'min_samples_leaf': 4, 'min_samples_split': 2}",-521.6927884223912,-557.4199736546067,-406.7852679854492,-383.27960025668233,-271.72886930316395,-308.9776505435168,-408.31402502763495,103.47270774340024,54
42.27471538384756,16.660105034418358,8.795618335405985,1.293574619610417,40,0.7,4,5,"{'max_depth': 40, 'max_features': 0.7, 'min_samples_leaf': 4, 'min_samples_split': 5}",-521.6927884223912,-557.4199736546067,-406.7852679854492,-383.27960025668233,-271.72886930316395,-308.9776505435168,-408.31402502763495,103.47270774340024,54
45.45530358950297,14.409766494416372,8.622104207674662,0.6100678979713448,40,0.7,4,10,"{'max_depth': 40, 'max_features': 0.7, 'min_samples_leaf': 4, 'min_samples_split': 10}",-520.1761916729432,-558.0014684544814,-407.2652292904934,-384.8802277449515,-270.3274777613675,-309.9840182617476,-408.4391021976641,103.42364451217684,56
40.46203716595968,11.675159934968134,7.924076676368713,0.5823598299479422,40,0.7,8,2,"{'max_depth': 40, 'max_features': 0.7, 'min_samples_leaf': 8, 'min_samples_split': 2}",-523.4024297607956,-549.2521533041149,-415.1646957173618,-385.9418782949442,-265.37450539635205,-281.12628129599335,-403.37699062826033,108.10374964236397,40
39.953047355016075,11.19413358879919,8.091918706893921,0.8422979113305342,40,0.7,8,5,"{'max_depth': 40, 'max_features': 0.7, 'min_samples_leaf': 8, 'min_samples_split': 5}",-523.4024297607956,-549.2521533041149,-415.1646957173618,-385.9418782949442,-265.37450539635205,-281.12628129599335,-403.37699062826033,108.10374964236397,40
38.38814882437388,9.79374621838644,7.288240353266398,0.3619249641918984,40,0.7,8,10,"{'max_depth': 40, 'max_features': 0.7, 'min_samples_leaf': 8, 'min_samples_split': 10}",-523.4024297607956,-549.2521533041149,-415.1646957173618,-385.9418782949442,-265.37450539635205,-281.12628129599335,-403.37699062826033,108.10374964236397,40
33.50279486179352,9.67043050676638,7.645375768343608,0.6512151115033727,40,0.7,16,2,"{'max_depth': 40, 'max_features': 0.7, 'min_samples_leaf': 16, 'min_samples_split': 2}",-536.2977073181281,-549.5470663740568,-409.7043908299454,-393.4943415949568,-254.9583750492701,-272.5002091197191,-402.75034838101266,114.25539521870148,34
33.895752469698586,10.035241032566468,6.89624269803365,0.5701189758712858,40,0.7,16,5,"{'max_depth': 40, 'max_features': 0.7, 'min_samples_leaf': 16, 'min_samples_split': 5}",-536.2977073181281,-549.5470663740567,-409.7043908299454,-393.4943415949568,-254.9583750492701,-272.5002091197191,-402.75034838101266,114.25539521870145,34
31.569366216659546,8.283633989769122,5.878057559331258,1.306970198360792,40,0.7,16,10,"{'max_depth': 40, 'max_features': 0.7, 'min_samples_leaf': 16, 'min_samples_split': 10}",-536.2977073181281,-549.5470663740567,-409.7043908299454,-393.4943415949568,-254.9583750492701,-272.5002091197191,-402.75034838101266,114.25539521870145,34
23.275203982988995,4.171073539863296,6.146896958351135,1.4723172839896703,40,sqrt,4,2,"{'max_depth': 40, 'max_features': 'sqrt', 'min_samples_leaf': 4, 'min_samples_split': 2}",-559.5615622174752,-559.8421215233948,-383.1706741970501,-405.0887766863037,-267.5086449633618,-333.3475287704726,-418.08655139300976,109.05066776367566,91
18.91627299785614,1.3711296328886973,4.838374376296997,0.9882215180177798,40,sqrt,4,5,"{'max_depth': 40, 'max_features': 'sqrt', 'min_samples_leaf': 4, 'min_samples_split': 5}",-559.5615622174752,-559.8421215233948,-383.1706741970501,-405.0887766863037,-267.5086449633618,-333.3475287704726,-418.08655139300976,109.05066776367566,91
15.446369647979736,3.2793401730552887,4.807977716128032,0.7253625974919872,40,sqrt,4,10,"{'max_depth': 40, 'max_features': 'sqrt', 'min_samples_leaf': 4, 'min_samples_split': 10}",-558.0813054290305,-559.21130793719,-384.58789031866456,-405.3232845333467,-267.0082090324506,-337.8150406133554,-418.6711729773396,108.06319109734378,97
15.587263226509094,2.611229990505721,4.536798477172852,0.8333819494260143,40,sqrt,8,2,"{'max_depth': 40, 'max_features': 'sqrt', 'min_samples_leaf': 8, 'min_samples_split': 2}",-570.3371089627819,-566.6616509220675,-385.6272838599723,-416.99951676724106,-262.2826138269861,-340.9030371075029,-423.80186857442527,112.80200272237205,115
14.437364419301352,1.4959887136876602,4.1122662623723345,0.3561907309408157,40,sqrt,8,5,"{'max_depth': 40, 'max_features': 'sqrt', 'min_samples_leaf': 8, 'min_samples_split': 5}",-570.3371089627819,-566.6616509220675,-385.6272838599723,-416.99951676724106,-262.2826138269861,-340.9030371075029,-423.80186857442527,112.80200272237205,115
13.632848342259726,2.2515010361107803,4.282692591349284,0.6780710318897335,40,sqrt,8,10,"{'max_depth': 40, 'max_features': 'sqrt', 'min_samples_leaf': 8, 'min_samples_split': 10}",-570.3371089627819,-566.6616509220675,-385.6272838599723,-416.99951676724106,-262.2826138269861,-340.9030371075029,-423.80186857442527,112.80200272237205,115
13.482066631317139,2.1523321057353586,4.065356810887654,1.0465933906533733,40,sqrt,16,2,"{'max_depth': 40, 'max_features': 'sqrt', 'min_samples_leaf': 16, 'min_samples_split': 2}",-589.1039396326414,-580.8833509594303,-393.1283465695856,-432.2666980723709,-256.4463117875083,-340.3642840721806,-432.0321551822862,120.81333555266148,118
12.814489881197611,1.2158121411708065,3.0678981939951577,0.6134288122244933,40,sqrt,16,5,"{'max_depth': 40, 'max_features': 'sqrt', 'min_samples_leaf': 16, 'min_samples_split': 5}",-589.1039396326414,-580.8833509594303,-393.1283465695856,-432.2666980723709,-256.44631178750836,-340.3642840721807,-432.03215518228626,120.81333555266146,120
10.078278740247091,0.5992679737071452,1.8903321425120037,0.9037024165916957,40,sqrt,16,10,"{'max_depth': 40, 'max_features': 'sqrt', 'min_samples_leaf': 16, 'min_samples_split': 10}",-589.1039396326414,-580.8833509594303,-393.1283465695856,-432.2666980723709,-256.44631178750836,-340.3642840721806,-432.0321551822862,120.81333555266146,118
