dataset_id,split_id,model_name,K,n_test,n_anom_resid,rate_anom_resid,n_anom_raw,rate_anom_raw
A1,roll_01,mlr,3,167,10,0.059880239520958084,8,0.04790419161676647
A1,roll_01,mlr,4,167,4,0.023952095808383235,4,0.023952095808383235
A1,roll_01,mlr,5,167,1,0.005988023952095809,3,0.017964071856287425
A1,roll_01,mlr,6,167,0,0.0,0,0.0
A1,roll_01,mlr,7,167,0,0.0,0,0.0
A1,roll_01,mlr,8,167,0,0.0,0,0.0
A1,roll_01,mlr,9,167,0,0.0,0,0.0
A1,roll_01,mlr,10,167,0,0.0,0,0.0
A1,roll_01,mlr,11,167,0,0.0,0,0.0
A1,roll_01,mlr,12,167,0,0.0,0,0.0
A1,roll_01,mlr,13,167,0,0.0,0,0.0
A1,roll_01,mlr,14,167,0,0.0,0,0.0
A1,roll_01,mlr,15,167,0,0.0,0,0.0
A1,roll_01,persistence,3,167,40,0.23952095808383234,6,0.03592814371257485
A1,roll_01,persistence,4,167,27,0.16167664670658682,3,0.017964071856287425
A1,roll_01,persistence,5,167,11,0.0658682634730539,1,0.005988023952095809
A1,roll_01,persistence,6,167,5,0.029940119760479042,0,0.0
A1,roll_01,persistence,7,167,1,0.005988023952095809,0,0.0
A1,roll_01,persistence,8,167,0,0.0,0,0.0
A1,roll_01,persistence,9,167,0,0.0,0,0.0
A1,roll_01,persistence,10,167,0,0.0,0,0.0
A1,roll_01,persistence,11,167,0,0.0,0,0.0
A1,roll_01,persistence,12,167,0,0.0,0,0.0
A1,roll_01,persistence,13,167,0,0.0,0,0.0
A1,roll_01,persistence,14,167,0,0.0,0,0.0
A1,roll_01,persistence,15,167,0,0.0,0,0.0
A1,roll_01,rf,3,167,4,0.023952095808383235,8,0.04790419161676647
A1,roll_01,rf,4,167,0,0.0,4,0.023952095808383235
A1,roll_01,rf,5,167,0,0.0,3,0.017964071856287425
A1,roll_01,rf,6,167,0,0.0,0,0.0
A1,roll_01,rf,7,167,0,0.0,0,0.0
A1,roll_01,rf,8,167,0,0.0,0,0.0
A1,roll_01,rf,9,167,0,0.0,0,0.0
A1,roll_01,rf,10,167,0,0.0,0,0.0
A1,roll_01,rf,11,167,0,0.0,0,0.0
A1,roll_01,rf,12,167,0,0.0,0,0.0
A1,roll_01,rf,13,167,0,0.0,0,0.0
A1,roll_01,rf,14,167,0,0.0,0,0.0
A1,roll_01,rf,15,167,0,0.0,0,0.0
A2,roll_01,mlr,3,167,10,0.059880239520958084,8,0.04790419161676647
A2,roll_01,mlr,4,167,4,0.023952095808383235,4,0.023952095808383235
A2,roll_01,mlr,5,167,1,0.005988023952095809,3,0.017964071856287425
A2,roll_01,mlr,6,167,0,0.0,0,0.0
A2,roll_01,mlr,7,167,0,0.0,0,0.0
A2,roll_01,mlr,8,167,0,0.0,0,0.0
A2,roll_01,mlr,9,167,0,0.0,0,0.0
A2,roll_01,mlr,10,167,0,0.0,0,0.0
A2,roll_01,mlr,11,167,0,0.0,0,0.0
A2,roll_01,mlr,12,167,0,0.0,0,0.0
A2,roll_01,mlr,13,167,0,0.0,0,0.0
A2,roll_01,mlr,14,167,0,0.0,0,0.0
A2,roll_01,mlr,15,167,0,0.0,0,0.0
A2,roll_01,persistence,3,167,40,0.23952095808383234,6,0.03592814371257485
A2,roll_01,persistence,4,167,27,0.16167664670658682,3,0.017964071856287425
A2,roll_01,persistence,5,167,11,0.0658682634730539,1,0.005988023952095809
A2,roll_01,persistence,6,167,5,0.029940119760479042,0,0.0
A2,roll_01,persistence,7,167,1,0.005988023952095809,0,0.0
A2,roll_01,persistence,8,167,0,0.0,0,0.0
A2,roll_01,persistence,9,167,0,0.0,0,0.0
A2,roll_01,persistence,10,167,0,0.0,0,0.0
A2,roll_01,persistence,11,167,0,0.0,0,0.0
A2,roll_01,persistence,12,167,0,0.0,0,0.0
A2,roll_01,persistence,13,167,0,0.0,0,0.0
A2,roll_01,persistence,14,167,0,0.0,0,0.0
A2,roll_01,persistence,15,167,0,0.0,0,0.0
A2,roll_01,rf,3,167,3,0.017964071856287425,8,0.04790419161676647
A2,roll_01,rf,4,167,0,0.0,4,0.023952095808383235
A2,roll_01,rf,5,167,0,0.0,3,0.017964071856287425
A2,roll_01,rf,6,167,0,0.0,0,0.0
A2,roll_01,rf,7,167,0,0.0,0,0.0
A2,roll_01,rf,8,167,0,0.0,0,0.0
A2,roll_01,rf,9,167,0,0.0,0,0.0
A2,roll_01,rf,10,167,0,0.0,0,0.0
A2,roll_01,rf,11,167,0,0.0,0,0.0
A2,roll_01,rf,12,167,0,0.0,0,0.0
A2,roll_01,rf,13,167,0,0.0,0,0.0
A2,roll_01,rf,14,167,0,0.0,0,0.0
A2,roll_01,rf,15,167,0,0.0,0,0.0
A3,roll_01,mlr,3,167,8,0.04790419161676647,8,0.04790419161676647
A3,roll_01,mlr,4,167,1,0.005988023952095809,4,0.023952095808383235
A3,roll_01,mlr,5,167,0,0.0,3,0.017964071856287425
A3,roll_01,mlr,6,167,0,0.0,0,0.0
A3,roll_01,mlr,7,167,0,0.0,0,0.0
A3,roll_01,mlr,8,167,0,0.0,0,0.0
A3,roll_01,mlr,9,167,0,0.0,0,0.0
A3,roll_01,mlr,10,167,0,0.0,0,0.0
A3,roll_01,mlr,11,167,0,0.0,0,0.0
A3,roll_01,mlr,12,167,0,0.0,0,0.0
A3,roll_01,mlr,13,167,0,0.0,0,0.0
A3,roll_01,mlr,14,167,0,0.0,0,0.0
A3,roll_01,mlr,15,167,0,0.0,0,0.0
A3,roll_01,persistence,3,167,40,0.23952095808383234,6,0.03592814371257485
A3,roll_01,persistence,4,167,27,0.16167664670658682,3,0.017964071856287425
A3,roll_01,persistence,5,167,11,0.0658682634730539,1,0.005988023952095809
A3,roll_01,persistence,6,167,5,0.029940119760479042,0,0.0
A3,roll_01,persistence,7,167,1,0.005988023952095809,0,0.0
A3,roll_01,persistence,8,167,0,0.0,0,0.0
A3,roll_01,persistence,9,167,0,0.0,0,0.0
A3,roll_01,persistence,10,167,0,0.0,0,0.0
A3,roll_01,persistence,11,167,0,0.0,0,0.0
A3,roll_01,persistence,12,167,0,0.0,0,0.0
A3,roll_01,persistence,13,167,0,0.0,0,0.0
A3,roll_01,persistence,14,167,0,0.0,0,0.0
A3,roll_01,persistence,15,167,0,0.0,0,0.0
A3,roll_01,rf,3,167,4,0.023952095808383235,8,0.04790419161676647
A3,roll_01,rf,4,167,0,0.0,4,0.023952095808383235
A3,roll_01,rf,5,167,0,0.0,3,0.017964071856287425
A3,roll_01,rf,6,167,0,0.0,0,0.0
A3,roll_01,rf,7,167,0,0.0,0,0.0
A3,roll_01,rf,8,167,0,0.0,0,0.0
A3,roll_01,rf,9,167,0,0.0,0,0.0
A3,roll_01,rf,10,167,0,0.0,0,0.0
A3,roll_01,rf,11,167,0,0.0,0,0.0
A3,roll_01,rf,12,167,0,0.0,0,0.0
A3,roll_01,rf,13,167,0,0.0,0,0.0
A3,roll_01,rf,14,167,0,0.0,0,0.0
A3,roll_01,rf,15,167,0,0.0,0,0.0
A4,roll_01,mlr,3,127,1,0.007874015748031496,3,0.023622047244094488
A4,roll_01,mlr,4,127,0,0.0,0,0.0
A4,roll_01,mlr,5,127,0,0.0,0,0.0
A4,roll_01,mlr,6,127,0,0.0,0,0.0
A4,roll_01,mlr,7,127,0,0.0,0,0.0
A4,roll_01,mlr,8,127,0,0.0,0,0.0
A4,roll_01,mlr,9,127,0,0.0,0,0.0
A4,roll_01,mlr,10,127,0,0.0,0,0.0
A4,roll_01,mlr,11,127,0,0.0,0,0.0
A4,roll_01,mlr,12,127,0,0.0,0,0.0
A4,roll_01,mlr,13,127,0,0.0,0,0.0
A4,roll_01,mlr,14,127,0,0.0,0,0.0
A4,roll_01,mlr,15,127,0,0.0,0,0.0
A4,roll_01,persistence,3,127,28,0.2204724409448819,3,0.023622047244094488
A4,roll_01,persistence,4,127,11,0.08661417322834646,1,0.007874015748031496
A4,roll_01,persistence,5,127,4,0.031496062992125984,0,0.0
A4,roll_01,persistence,6,127,1,0.007874015748031496,0,0.0
A4,roll_01,persistence,7,127,0,0.0,0,0.0
A4,roll_01,persistence,8,127,0,0.0,0,0.0
A4,roll_01,persistence,9,127,0,0.0,0,0.0
A4,roll_01,persistence,10,127,0,0.0,0,0.0
A4,roll_01,persistence,11,127,0,0.0,0,0.0
A4,roll_01,persistence,12,127,0,0.0,0,0.0
A4,roll_01,persistence,13,127,0,0.0,0,0.0
A4,roll_01,persistence,14,127,0,0.0,0,0.0
A4,roll_01,persistence,15,127,0,0.0,0,0.0
A4,roll_01,rf,3,127,0,0.0,3,0.023622047244094488
A4,roll_01,rf,4,127,0,0.0,0,0.0
A4,roll_01,rf,5,127,0,0.0,0,0.0
A4,roll_01,rf,6,127,0,0.0,0,0.0
A4,roll_01,rf,7,127,0,0.0,0,0.0
A4,roll_01,rf,8,127,0,0.0,0,0.0
A4,roll_01,rf,9,127,0,0.0,0,0.0
A4,roll_01,rf,10,127,0,0.0,0,0.0
A4,roll_01,rf,11,127,0,0.0,0,0.0
A4,roll_01,rf,12,127,0,0.0,0,0.0
A4,roll_01,rf,13,127,0,0.0,0,0.0
A4,roll_01,rf,14,127,0,0.0,0,0.0
A4,roll_01,rf,15,127,0,0.0,0,0.0
B1,roll_01,mlr,3,167,10,0.059880239520958084,8,0.04790419161676647
B1,roll_01,mlr,4,167,4,0.023952095808383235,4,0.023952095808383235
B1,roll_01,mlr,5,167,1,0.005988023952095809,3,0.017964071856287425
B1,roll_01,mlr,6,167,0,0.0,0,0.0
B1,roll_01,mlr,7,167,0,0.0,0,0.0
B1,roll_01,mlr,8,167,0,0.0,0,0.0
B1,roll_01,mlr,9,167,0,0.0,0,0.0
B1,roll_01,mlr,10,167,0,0.0,0,0.0
B1,roll_01,mlr,11,167,0,0.0,0,0.0
B1,roll_01,mlr,12,167,0,0.0,0,0.0
B1,roll_01,mlr,13,167,0,0.0,0,0.0
B1,roll_01,mlr,14,167,0,0.0,0,0.0
B1,roll_01,mlr,15,167,0,0.0,0,0.0
B1,roll_01,persistence,3,167,40,0.23952095808383234,6,0.03592814371257485
B1,roll_01,persistence,4,167,27,0.16167664670658682,3,0.017964071856287425
B1,roll_01,persistence,5,167,11,0.0658682634730539,1,0.005988023952095809
B1,roll_01,persistence,6,167,5,0.029940119760479042,0,0.0
B1,roll_01,persistence,7,167,1,0.005988023952095809,0,0.0
B1,roll_01,persistence,8,167,0,0.0,0,0.0
B1,roll_01,persistence,9,167,0,0.0,0,0.0
B1,roll_01,persistence,10,167,0,0.0,0,0.0
B1,roll_01,persistence,11,167,0,0.0,0,0.0
B1,roll_01,persistence,12,167,0,0.0,0,0.0
B1,roll_01,persistence,13,167,0,0.0,0,0.0
B1,roll_01,persistence,14,167,0,0.0,0,0.0
B1,roll_01,persistence,15,167,0,0.0,0,0.0
B1,roll_01,rf,3,167,4,0.023952095808383235,8,0.04790419161676647
B1,roll_01,rf,4,167,0,0.0,4,0.023952095808383235
B1,roll_01,rf,5,167,0,0.0,3,0.017964071856287425
B1,roll_01,rf,6,167,0,0.0,0,0.0
B1,roll_01,rf,7,167,0,0.0,0,0.0
B1,roll_01,rf,8,167,0,0.0,0,0.0
B1,roll_01,rf,9,167,0,0.0,0,0.0
B1,roll_01,rf,10,167,0,0.0,0,0.0
B1,roll_01,rf,11,167,0,0.0,0,0.0
B1,roll_01,rf,12,167,0,0.0,0,0.0
B1,roll_01,rf,13,167,0,0.0,0,0.0
B1,roll_01,rf,14,167,0,0.0,0,0.0
B1,roll_01,rf,15,167,0,0.0,0,0.0
B2,roll_01,mlr,3,167,10,0.059880239520958084,8,0.04790419161676647
B2,roll_01,mlr,4,167,4,0.023952095808383235,4,0.023952095808383235
B2,roll_01,mlr,5,167,1,0.005988023952095809,3,0.017964071856287425
B2,roll_01,mlr,6,167,0,0.0,0,0.0
B2,roll_01,mlr,7,167,0,0.0,0,0.0
B2,roll_01,mlr,8,167,0,0.0,0,0.0
B2,roll_01,mlr,9,167,0,0.0,0,0.0
B2,roll_01,mlr,10,167,0,0.0,0,0.0
B2,roll_01,mlr,11,167,0,0.0,0,0.0
B2,roll_01,mlr,12,167,0,0.0,0,0.0
B2,roll_01,mlr,13,167,0,0.0,0,0.0
B2,roll_01,mlr,14,167,0,0.0,0,0.0
B2,roll_01,mlr,15,167,0,0.0,0,0.0
B2,roll_01,persistence,3,167,40,0.23952095808383234,6,0.03592814371257485
B2,roll_01,persistence,4,167,27,0.16167664670658682,3,0.017964071856287425
B2,roll_01,persistence,5,167,11,0.0658682634730539,1,0.005988023952095809
B2,roll_01,persistence,6,167,5,0.029940119760479042,0,0.0
B2,roll_01,persistence,7,167,1,0.005988023952095809,0,0.0
B2,roll_01,persistence,8,167,0,0.0,0,0.0
B2,roll_01,persistence,9,167,0,0.0,0,0.0
B2,roll_01,persistence,10,167,0,0.0,0,0.0
B2,roll_01,persistence,11,167,0,0.0,0,0.0
B2,roll_01,persistence,12,167,0,0.0,0,0.0
B2,roll_01,persistence,13,167,0,0.0,0,0.0
B2,roll_01,persistence,14,167,0,0.0,0,0.0
B2,roll_01,persistence,15,167,0,0.0,0,0.0
B2,roll_01,rf,3,167,3,0.017964071856287425,8,0.04790419161676647
B2,roll_01,rf,4,167,0,0.0,4,0.023952095808383235
B2,roll_01,rf,5,167,0,0.0,3,0.017964071856287425
B2,roll_01,rf,6,167,0,0.0,0,0.0
B2,roll_01,rf,7,167,0,0.0,0,0.0
B2,roll_01,rf,8,167,0,0.0,0,0.0
B2,roll_01,rf,9,167,0,0.0,0,0.0
B2,roll_01,rf,10,167,0,0.0,0,0.0
B2,roll_01,rf,11,167,0,0.0,0,0.0
B2,roll_01,rf,12,167,0,0.0,0,0.0
B2,roll_01,rf,13,167,0,0.0,0,0.0
B2,roll_01,rf,14,167,0,0.0,0,0.0
B2,roll_01,rf,15,167,0,0.0,0,0.0
B3,roll_01,mlr,3,167,8,0.04790419161676647,8,0.04790419161676647
B3,roll_01,mlr,4,167,1,0.005988023952095809,4,0.023952095808383235
B3,roll_01,mlr,5,167,0,0.0,3,0.017964071856287425
B3,roll_01,mlr,6,167,0,0.0,0,0.0
B3,roll_01,mlr,7,167,0,0.0,0,0.0
B3,roll_01,mlr,8,167,0,0.0,0,0.0
B3,roll_01,mlr,9,167,0,0.0,0,0.0
B3,roll_01,mlr,10,167,0,0.0,0,0.0
B3,roll_01,mlr,11,167,0,0.0,0,0.0
B3,roll_01,mlr,12,167,0,0.0,0,0.0
B3,roll_01,mlr,13,167,0,0.0,0,0.0
B3,roll_01,mlr,14,167,0,0.0,0,0.0
B3,roll_01,mlr,15,167,0,0.0,0,0.0
B3,roll_01,persistence,3,167,40,0.23952095808383234,6,0.03592814371257485
B3,roll_01,persistence,4,167,27,0.16167664670658682,3,0.017964071856287425
B3,roll_01,persistence,5,167,11,0.0658682634730539,1,0.005988023952095809
B3,roll_01,persistence,6,167,5,0.029940119760479042,0,0.0
B3,roll_01,persistence,7,167,1,0.005988023952095809,0,0.0
B3,roll_01,persistence,8,167,0,0.0,0,0.0
B3,roll_01,persistence,9,167,0,0.0,0,0.0
B3,roll_01,persistence,10,167,0,0.0,0,0.0
B3,roll_01,persistence,11,167,0,0.0,0,0.0
B3,roll_01,persistence,12,167,0,0.0,0,0.0
B3,roll_01,persistence,13,167,0,0.0,0,0.0
B3,roll_01,persistence,14,167,0,0.0,0,0.0
B3,roll_01,persistence,15,167,0,0.0,0,0.0
B3,roll_01,rf,3,167,4,0.023952095808383235,8,0.04790419161676647
B3,roll_01,rf,4,167,0,0.0,4,0.023952095808383235
B3,roll_01,rf,5,167,0,0.0,3,0.017964071856287425
B3,roll_01,rf,6,167,0,0.0,0,0.0
B3,roll_01,rf,7,167,0,0.0,0,0.0
B3,roll_01,rf,8,167,0,0.0,0,0.0
B3,roll_01,rf,9,167,0,0.0,0,0.0
B3,roll_01,rf,10,167,0,0.0,0,0.0
B3,roll_01,rf,11,167,0,0.0,0,0.0
B3,roll_01,rf,12,167,0,0.0,0,0.0
B3,roll_01,rf,13,167,0,0.0,0,0.0
B3,roll_01,rf,14,167,0,0.0,0,0.0
B3,roll_01,rf,15,167,0,0.0,0,0.0
B4,roll_01,mlr,3,127,1,0.007874015748031496,3,0.023622047244094488
B4,roll_01,mlr,4,127,0,0.0,0,0.0
B4,roll_01,mlr,5,127,0,0.0,0,0.0
B4,roll_01,mlr,6,127,0,0.0,0,0.0
B4,roll_01,mlr,7,127,0,0.0,0,0.0
B4,roll_01,mlr,8,127,0,0.0,0,0.0
B4,roll_01,mlr,9,127,0,0.0,0,0.0
B4,roll_01,mlr,10,127,0,0.0,0,0.0
B4,roll_01,mlr,11,127,0,0.0,0,0.0
B4,roll_01,mlr,12,127,0,0.0,0,0.0
B4,roll_01,mlr,13,127,0,0.0,0,0.0
B4,roll_01,mlr,14,127,0,0.0,0,0.0
B4,roll_01,mlr,15,127,0,0.0,0,0.0
B4,roll_01,persistence,3,127,28,0.2204724409448819,3,0.023622047244094488
B4,roll_01,persistence,4,127,11,0.08661417322834646,1,0.007874015748031496
B4,roll_01,persistence,5,127,4,0.031496062992125984,0,0.0
B4,roll_01,persistence,6,127,1,0.007874015748031496,0,0.0
B4,roll_01,persistence,7,127,0,0.0,0,0.0
B4,roll_01,persistence,8,127,0,0.0,0,0.0
B4,roll_01,persistence,9,127,0,0.0,0,0.0
B4,roll_01,persistence,10,127,0,0.0,0,0.0
B4,roll_01,persistence,11,127,0,0.0,0,0.0
B4,roll_01,persistence,12,127,0,0.0,0,0.0
B4,roll_01,persistence,13,127,0,0.0,0,0.0
B4,roll_01,persistence,14,127,0,0.0,0,0.0
B4,roll_01,persistence,15,127,0,0.0,0,0.0
B4,roll_01,rf,3,127,0,0.0,3,0.023622047244094488
B4,roll_01,rf,4,127,0,0.0,0,0.0
B4,roll_01,rf,5,127,0,0.0,0,0.0
B4,roll_01,rf,6,127,0,0.0,0,0.0
B4,roll_01,rf,7,127,0,0.0,0,0.0
B4,roll_01,rf,8,127,0,0.0,0,0.0
B4,roll_01,rf,9,127,0,0.0,0,0.0
B4,roll_01,rf,10,127,0,0.0,0,0.0
B4,roll_01,rf,11,127,0,0.0,0,0.0
B4,roll_01,rf,12,127,0,0.0,0,0.0
B4,roll_01,rf,13,127,0,0.0,0,0.0
B4,roll_01,rf,14,127,0,0.0,0,0.0
B4,roll_01,rf,15,127,0,0.0,0,0.0
A1,roll_02,mlr,3,167,13,0.07784431137724551,1,0.005988023952095809
A1,roll_02,mlr,4,167,6,0.03592814371257485,0,0.0
A1,roll_02,mlr,5,167,3,0.017964071856287425,0,0.0
A1,roll_02,mlr,6,167,1,0.005988023952095809,0,0.0
A1,roll_02,mlr,7,167,1,0.005988023952095809,0,0.0
A1,roll_02,mlr,8,167,1,0.005988023952095809,0,0.0
A1,roll_02,mlr,9,167,0,0.0,0,0.0
A1,roll_02,mlr,10,167,0,0.0,0,0.0
A1,roll_02,mlr,11,167,0,0.0,0,0.0
A1,roll_02,mlr,12,167,0,0.0,0,0.0
A1,roll_02,mlr,13,167,0,0.0,0,0.0
A1,roll_02,mlr,14,167,0,0.0,0,0.0
A1,roll_02,mlr,15,167,0,0.0,0,0.0
A1,roll_02,persistence,3,167,34,0.20359281437125748,1,0.005988023952095809
A1,roll_02,persistence,4,167,20,0.11976047904191617,0,0.0
A1,roll_02,persistence,5,167,11,0.0658682634730539,0,0.0
A1,roll_02,persistence,6,167,6,0.03592814371257485,0,0.0
A1,roll_02,persistence,7,167,4,0.023952095808383235,0,0.0
A1,roll_02,persistence,8,167,2,0.011976047904191617,0,0.0
A1,roll_02,persistence,9,167,2,0.011976047904191617,0,0.0
A1,roll_02,persistence,10,167,2,0.011976047904191617,0,0.0
A1,roll_02,persistence,11,167,1,0.005988023952095809,0,0.0
A1,roll_02,persistence,12,167,1,0.005988023952095809,0,0.0
A1,roll_02,persistence,13,167,0,0.0,0,0.0
A1,roll_02,persistence,14,167,0,0.0,0,0.0
A1,roll_02,persistence,15,167,0,0.0,0,0.0
A1,roll_02,rf,3,167,8,0.04790419161676647,1,0.005988023952095809
A1,roll_02,rf,4,167,2,0.011976047904191617,0,0.0
A1,roll_02,rf,5,167,1,0.005988023952095809,0,0.0
A1,roll_02,rf,6,167,1,0.005988023952095809,0,0.0
A1,roll_02,rf,7,167,1,0.005988023952095809,0,0.0
A1,roll_02,rf,8,167,0,0.0,0,0.0
A1,roll_02,rf,9,167,0,0.0,0,0.0
A1,roll_02,rf,10,167,0,0.0,0,0.0
A1,roll_02,rf,11,167,0,0.0,0,0.0
A1,roll_02,rf,12,167,0,0.0,0,0.0
A1,roll_02,rf,13,167,0,0.0,0,0.0
A1,roll_02,rf,14,167,0,0.0,0,0.0
A1,roll_02,rf,15,167,0,0.0,0,0.0
A2,roll_02,mlr,3,167,13,0.07784431137724551,1,0.005988023952095809
A2,roll_02,mlr,4,167,6,0.03592814371257485,0,0.0
A2,roll_02,mlr,5,167,3,0.017964071856287425,0,0.0
A2,roll_02,mlr,6,167,1,0.005988023952095809,0,0.0
A2,roll_02,mlr,7,167,1,0.005988023952095809,0,0.0
A2,roll_02,mlr,8,167,1,0.005988023952095809,0,0.0
A2,roll_02,mlr,9,167,0,0.0,0,0.0
A2,roll_02,mlr,10,167,0,0.0,0,0.0
A2,roll_02,mlr,11,167,0,0.0,0,0.0
A2,roll_02,mlr,12,167,0,0.0,0,0.0
A2,roll_02,mlr,13,167,0,0.0,0,0.0
A2,roll_02,mlr,14,167,0,0.0,0,0.0
A2,roll_02,mlr,15,167,0,0.0,0,0.0
A2,roll_02,persistence,3,167,34,0.20359281437125748,1,0.005988023952095809
A2,roll_02,persistence,4,167,20,0.11976047904191617,0,0.0
A2,roll_02,persistence,5,167,11,0.0658682634730539,0,0.0
A2,roll_02,persistence,6,167,6,0.03592814371257485,0,0.0
A2,roll_02,persistence,7,167,4,0.023952095808383235,0,0.0
A2,roll_02,persistence,8,167,2,0.011976047904191617,0,0.0
A2,roll_02,persistence,9,167,2,0.011976047904191617,0,0.0
A2,roll_02,persistence,10,167,2,0.011976047904191617,0,0.0
A2,roll_02,persistence,11,167,1,0.005988023952095809,0,0.0
A2,roll_02,persistence,12,167,1,0.005988023952095809,0,0.0
A2,roll_02,persistence,13,167,0,0.0,0,0.0
A2,roll_02,persistence,14,167,0,0.0,0,0.0
A2,roll_02,persistence,15,167,0,0.0,0,0.0
A2,roll_02,rf,3,167,8,0.04790419161676647,1,0.005988023952095809
A2,roll_02,rf,4,167,2,0.011976047904191617,0,0.0
A2,roll_02,rf,5,167,1,0.005988023952095809,0,0.0
A2,roll_02,rf,6,167,1,0.005988023952095809,0,0.0
A2,roll_02,rf,7,167,1,0.005988023952095809,0,0.0
A2,roll_02,rf,8,167,0,0.0,0,0.0
A2,roll_02,rf,9,167,0,0.0,0,0.0
A2,roll_02,rf,10,167,0,0.0,0,0.0
A2,roll_02,rf,11,167,0,0.0,0,0.0
A2,roll_02,rf,12,167,0,0.0,0,0.0
A2,roll_02,rf,13,167,0,0.0,0,0.0
A2,roll_02,rf,14,167,0,0.0,0,0.0
A2,roll_02,rf,15,167,0,0.0,0,0.0
A3,roll_02,mlr,3,167,9,0.05389221556886228,1,0.005988023952095809
A3,roll_02,mlr,4,167,2,0.011976047904191617,0,0.0
A3,roll_02,mlr,5,167,1,0.005988023952095809,0,0.0
A3,roll_02,mlr,6,167,1,0.005988023952095809,0,0.0
A3,roll_02,mlr,7,167,0,0.0,0,0.0
A3,roll_02,mlr,8,167,0,0.0,0,0.0
A3,roll_02,mlr,9,167,0,0.0,0,0.0
A3,roll_02,mlr,10,167,0,0.0,0,0.0
A3,roll_02,mlr,11,167,0,0.0,0,0.0
A3,roll_02,mlr,12,167,0,0.0,0,0.0
A3,roll_02,mlr,13,167,0,0.0,0,0.0
A3,roll_02,mlr,14,167,0,0.0,0,0.0
A3,roll_02,mlr,15,167,0,0.0,0,0.0
A3,roll_02,persistence,3,167,34,0.20359281437125748,1,0.005988023952095809
A3,roll_02,persistence,4,167,20,0.11976047904191617,0,0.0
A3,roll_02,persistence,5,167,11,0.0658682634730539,0,0.0
A3,roll_02,persistence,6,167,6,0.03592814371257485,0,0.0
A3,roll_02,persistence,7,167,4,0.023952095808383235,0,0.0
A3,roll_02,persistence,8,167,2,0.011976047904191617,0,0.0
A3,roll_02,persistence,9,167,2,0.011976047904191617,0,0.0
A3,roll_02,persistence,10,167,2,0.011976047904191617,0,0.0
A3,roll_02,persistence,11,167,1,0.005988023952095809,0,0.0
A3,roll_02,persistence,12,167,1,0.005988023952095809,0,0.0
A3,roll_02,persistence,13,167,0,0.0,0,0.0
A3,roll_02,persistence,14,167,0,0.0,0,0.0
A3,roll_02,persistence,15,167,0,0.0,0,0.0
A3,roll_02,rf,3,167,9,0.05389221556886228,1,0.005988023952095809
A3,roll_02,rf,4,167,2,0.011976047904191617,0,0.0
A3,roll_02,rf,5,167,1,0.005988023952095809,0,0.0
A3,roll_02,rf,6,167,1,0.005988023952095809,0,0.0
A3,roll_02,rf,7,167,1,0.005988023952095809,0,0.0
A3,roll_02,rf,8,167,0,0.0,0,0.0
A3,roll_02,rf,9,167,0,0.0,0,0.0
A3,roll_02,rf,10,167,0,0.0,0,0.0
A3,roll_02,rf,11,167,0,0.0,0,0.0
A3,roll_02,rf,12,167,0,0.0,0,0.0
A3,roll_02,rf,13,167,0,0.0,0,0.0
A3,roll_02,rf,14,167,0,0.0,0,0.0
A3,roll_02,rf,15,167,0,0.0,0,0.0
A4,roll_02,mlr,3,138,2,0.014492753623188406,2,0.014492753623188406
A4,roll_02,mlr,4,138,1,0.007246376811594203,0,0.0
A4,roll_02,mlr,5,138,1,0.007246376811594203,0,0.0
A4,roll_02,mlr,6,138,0,0.0,0,0.0
A4,roll_02,mlr,7,138,0,0.0,0,0.0
A4,roll_02,mlr,8,138,0,0.0,0,0.0
A4,roll_02,mlr,9,138,0,0.0,0,0.0
A4,roll_02,mlr,10,138,0,0.0,0,0.0
A4,roll_02,mlr,11,138,0,0.0,0,0.0
A4,roll_02,mlr,12,138,0,0.0,0,0.0
A4,roll_02,mlr,13,138,0,0.0,0,0.0
A4,roll_02,mlr,14,138,0,0.0,0,0.0
A4,roll_02,mlr,15,138,0,0.0,0,0.0
A4,roll_02,persistence,3,138,21,0.15217391304347827,1,0.007246376811594203
A4,roll_02,persistence,4,138,10,0.07246376811594203,0,0.0
A4,roll_02,persistence,5,138,5,0.036231884057971016,0,0.0
A4,roll_02,persistence,6,138,2,0.014492753623188406,0,0.0
A4,roll_02,persistence,7,138,2,0.014492753623188406,0,0.0
A4,roll_02,persistence,8,138,1,0.007246376811594203,0,0.0
A4,roll_02,persistence,9,138,1,0.007246376811594203,0,0.0
A4,roll_02,persistence,10,138,0,0.0,0,0.0
A4,roll_02,persistence,11,138,0,0.0,0,0.0
A4,roll_02,persistence,12,138,0,0.0,0,0.0
A4,roll_02,persistence,13,138,0,0.0,0,0.0
A4,roll_02,persistence,14,138,0,0.0,0,0.0
A4,roll_02,persistence,15,138,0,0.0,0,0.0
A4,roll_02,rf,3,138,2,0.014492753623188406,2,0.014492753623188406
A4,roll_02,rf,4,138,1,0.007246376811594203,0,0.0
A4,roll_02,rf,5,138,1,0.007246376811594203,0,0.0
A4,roll_02,rf,6,138,0,0.0,0,0.0
A4,roll_02,rf,7,138,0,0.0,0,0.0
A4,roll_02,rf,8,138,0,0.0,0,0.0
A4,roll_02,rf,9,138,0,0.0,0,0.0
A4,roll_02,rf,10,138,0,0.0,0,0.0
A4,roll_02,rf,11,138,0,0.0,0,0.0
A4,roll_02,rf,12,138,0,0.0,0,0.0
A4,roll_02,rf,13,138,0,0.0,0,0.0
A4,roll_02,rf,14,138,0,0.0,0,0.0
A4,roll_02,rf,15,138,0,0.0,0,0.0
B1,roll_02,mlr,3,167,13,0.07784431137724551,1,0.005988023952095809
B1,roll_02,mlr,4,167,6,0.03592814371257485,0,0.0
B1,roll_02,mlr,5,167,3,0.017964071856287425,0,0.0
B1,roll_02,mlr,6,167,1,0.005988023952095809,0,0.0
B1,roll_02,mlr,7,167,1,0.005988023952095809,0,0.0
B1,roll_02,mlr,8,167,1,0.005988023952095809,0,0.0
B1,roll_02,mlr,9,167,0,0.0,0,0.0
B1,roll_02,mlr,10,167,0,0.0,0,0.0
B1,roll_02,mlr,11,167,0,0.0,0,0.0
B1,roll_02,mlr,12,167,0,0.0,0,0.0
B1,roll_02,mlr,13,167,0,0.0,0,0.0
B1,roll_02,mlr,14,167,0,0.0,0,0.0
B1,roll_02,mlr,15,167,0,0.0,0,0.0
B1,roll_02,persistence,3,167,34,0.20359281437125748,1,0.005988023952095809
B1,roll_02,persistence,4,167,20,0.11976047904191617,0,0.0
B1,roll_02,persistence,5,167,11,0.0658682634730539,0,0.0
B1,roll_02,persistence,6,167,6,0.03592814371257485,0,0.0
B1,roll_02,persistence,7,167,4,0.023952095808383235,0,0.0
B1,roll_02,persistence,8,167,2,0.011976047904191617,0,0.0
B1,roll_02,persistence,9,167,2,0.011976047904191617,0,0.0
B1,roll_02,persistence,10,167,2,0.011976047904191617,0,0.0
B1,roll_02,persistence,11,167,1,0.005988023952095809,0,0.0
B1,roll_02,persistence,12,167,1,0.005988023952095809,0,0.0
B1,roll_02,persistence,13,167,0,0.0,0,0.0
B1,roll_02,persistence,14,167,0,0.0,0,0.0
B1,roll_02,persistence,15,167,0,0.0,0,0.0
B1,roll_02,rf,3,167,8,0.04790419161676647,1,0.005988023952095809
B1,roll_02,rf,4,167,2,0.011976047904191617,0,0.0
B1,roll_02,rf,5,167,1,0.005988023952095809,0,0.0
B1,roll_02,rf,6,167,1,0.005988023952095809,0,0.0
B1,roll_02,rf,7,167,1,0.005988023952095809,0,0.0
B1,roll_02,rf,8,167,0,0.0,0,0.0
B1,roll_02,rf,9,167,0,0.0,0,0.0
B1,roll_02,rf,10,167,0,0.0,0,0.0
B1,roll_02,rf,11,167,0,0.0,0,0.0
B1,roll_02,rf,12,167,0,0.0,0,0.0
B1,roll_02,rf,13,167,0,0.0,0,0.0
B1,roll_02,rf,14,167,0,0.0,0,0.0
B1,roll_02,rf,15,167,0,0.0,0,0.0
B2,roll_02,mlr,3,167,13,0.07784431137724551,1,0.005988023952095809
B2,roll_02,mlr,4,167,6,0.03592814371257485,0,0.0
B2,roll_02,mlr,5,167,3,0.017964071856287425,0,0.0
B2,roll_02,mlr,6,167,1,0.005988023952095809,0,0.0
B2,roll_02,mlr,7,167,1,0.005988023952095809,0,0.0
B2,roll_02,mlr,8,167,1,0.005988023952095809,0,0.0
B2,roll_02,mlr,9,167,0,0.0,0,0.0
B2,roll_02,mlr,10,167,0,0.0,0,0.0
B2,roll_02,mlr,11,167,0,0.0,0,0.0
B2,roll_02,mlr,12,167,0,0.0,0,0.0
B2,roll_02,mlr,13,167,0,0.0,0,0.0
B2,roll_02,mlr,14,167,0,0.0,0,0.0
B2,roll_02,mlr,15,167,0,0.0,0,0.0
B2,roll_02,persistence,3,167,34,0.20359281437125748,1,0.005988023952095809
B2,roll_02,persistence,4,167,20,0.11976047904191617,0,0.0
B2,roll_02,persistence,5,167,11,0.0658682634730539,0,0.0
B2,roll_02,persistence,6,167,6,0.03592814371257485,0,0.0
B2,roll_02,persistence,7,167,4,0.023952095808383235,0,0.0
B2,roll_02,persistence,8,167,2,0.011976047904191617,0,0.0
B2,roll_02,persistence,9,167,2,0.011976047904191617,0,0.0
B2,roll_02,persistence,10,167,2,0.011976047904191617,0,0.0
B2,roll_02,persistence,11,167,1,0.005988023952095809,0,0.0
B2,roll_02,persistence,12,167,1,0.005988023952095809,0,0.0
B2,roll_02,persistence,13,167,0,0.0,0,0.0
B2,roll_02,persistence,14,167,0,0.0,0,0.0
B2,roll_02,persistence,15,167,0,0.0,0,0.0
B2,roll_02,rf,3,167,8,0.04790419161676647,1,0.005988023952095809
B2,roll_02,rf,4,167,2,0.011976047904191617,0,0.0
B2,roll_02,rf,5,167,1,0.005988023952095809,0,0.0
B2,roll_02,rf,6,167,1,0.005988023952095809,0,0.0
B2,roll_02,rf,7,167,1,0.005988023952095809,0,0.0
B2,roll_02,rf,8,167,0,0.0,0,0.0
B2,roll_02,rf,9,167,0,0.0,0,0.0
B2,roll_02,rf,10,167,0,0.0,0,0.0
B2,roll_02,rf,11,167,0,0.0,0,0.0
B2,roll_02,rf,12,167,0,0.0,0,0.0
B2,roll_02,rf,13,167,0,0.0,0,0.0
B2,roll_02,rf,14,167,0,0.0,0,0.0
B2,roll_02,rf,15,167,0,0.0,0,0.0
B3,roll_02,mlr,3,167,9,0.05389221556886228,1,0.005988023952095809
B3,roll_02,mlr,4,167,2,0.011976047904191617,0,0.0
B3,roll_02,mlr,5,167,1,0.005988023952095809,0,0.0
B3,roll_02,mlr,6,167,1,0.005988023952095809,0,0.0
B3,roll_02,mlr,7,167,0,0.0,0,0.0
B3,roll_02,mlr,8,167,0,0.0,0,0.0
B3,roll_02,mlr,9,167,0,0.0,0,0.0
B3,roll_02,mlr,10,167,0,0.0,0,0.0
B3,roll_02,mlr,11,167,0,0.0,0,0.0
B3,roll_02,mlr,12,167,0,0.0,0,0.0
B3,roll_02,mlr,13,167,0,0.0,0,0.0
B3,roll_02,mlr,14,167,0,0.0,0,0.0
B3,roll_02,mlr,15,167,0,0.0,0,0.0
B3,roll_02,persistence,3,167,34,0.20359281437125748,1,0.005988023952095809
B3,roll_02,persistence,4,167,20,0.11976047904191617,0,0.0
B3,roll_02,persistence,5,167,11,0.0658682634730539,0,0.0
B3,roll_02,persistence,6,167,6,0.03592814371257485,0,0.0
B3,roll_02,persistence,7,167,4,0.023952095808383235,0,0.0
B3,roll_02,persistence,8,167,2,0.011976047904191617,0,0.0
B3,roll_02,persistence,9,167,2,0.011976047904191617,0,0.0
B3,roll_02,persistence,10,167,2,0.011976047904191617,0,0.0
B3,roll_02,persistence,11,167,1,0.005988023952095809,0,0.0
B3,roll_02,persistence,12,167,1,0.005988023952095809,0,0.0
B3,roll_02,persistence,13,167,0,0.0,0,0.0
B3,roll_02,persistence,14,167,0,0.0,0,0.0
B3,roll_02,persistence,15,167,0,0.0,0,0.0
B3,roll_02,rf,3,167,9,0.05389221556886228,1,0.005988023952095809
B3,roll_02,rf,4,167,2,0.011976047904191617,0,0.0
B3,roll_02,rf,5,167,1,0.005988023952095809,0,0.0
B3,roll_02,rf,6,167,1,0.005988023952095809,0,0.0
B3,roll_02,rf,7,167,1,0.005988023952095809,0,0.0
B3,roll_02,rf,8,167,0,0.0,0,0.0
B3,roll_02,rf,9,167,0,0.0,0,0.0
B3,roll_02,rf,10,167,0,0.0,0,0.0
B3,roll_02,rf,11,167,0,0.0,0,0.0
B3,roll_02,rf,12,167,0,0.0,0,0.0
B3,roll_02,rf,13,167,0,0.0,0,0.0
B3,roll_02,rf,14,167,0,0.0,0,0.0
B3,roll_02,rf,15,167,0,0.0,0,0.0
B4,roll_02,mlr,3,138,2,0.014492753623188406,2,0.014492753623188406
B4,roll_02,mlr,4,138,1,0.007246376811594203,0,0.0
B4,roll_02,mlr,5,138,1,0.007246376811594203,0,0.0
B4,roll_02,mlr,6,138,0,0.0,0,0.0
B4,roll_02,mlr,7,138,0,0.0,0,0.0
B4,roll_02,mlr,8,138,0,0.0,0,0.0
B4,roll_02,mlr,9,138,0,0.0,0,0.0
B4,roll_02,mlr,10,138,0,0.0,0,0.0
B4,roll_02,mlr,11,138,0,0.0,0,0.0
B4,roll_02,mlr,12,138,0,0.0,0,0.0
B4,roll_02,mlr,13,138,0,0.0,0,0.0
B4,roll_02,mlr,14,138,0,0.0,0,0.0
B4,roll_02,mlr,15,138,0,0.0,0,0.0
B4,roll_02,persistence,3,138,21,0.15217391304347827,1,0.007246376811594203
B4,roll_02,persistence,4,138,10,0.07246376811594203,0,0.0
B4,roll_02,persistence,5,138,5,0.036231884057971016,0,0.0
B4,roll_02,persistence,6,138,2,0.014492753623188406,0,0.0
B4,roll_02,persistence,7,138,2,0.014492753623188406,0,0.0
B4,roll_02,persistence,8,138,1,0.007246376811594203,0,0.0
B4,roll_02,persistence,9,138,1,0.007246376811594203,0,0.0
B4,roll_02,persistence,10,138,0,0.0,0,0.0
B4,roll_02,persistence,11,138,0,0.0,0,0.0
B4,roll_02,persistence,12,138,0,0.0,0,0.0
B4,roll_02,persistence,13,138,0,0.0,0,0.0
B4,roll_02,persistence,14,138,0,0.0,0,0.0
B4,roll_02,persistence,15,138,0,0.0,0,0.0
B4,roll_02,rf,3,138,2,0.014492753623188406,2,0.014492753623188406
B4,roll_02,rf,4,138,1,0.007246376811594203,0,0.0
B4,roll_02,rf,5,138,1,0.007246376811594203,0,0.0
B4,roll_02,rf,6,138,0,0.0,0,0.0
B4,roll_02,rf,7,138,0,0.0,0,0.0
B4,roll_02,rf,8,138,0,0.0,0,0.0
B4,roll_02,rf,9,138,0,0.0,0,0.0
B4,roll_02,rf,10,138,0,0.0,0,0.0
B4,roll_02,rf,11,138,0,0.0,0,0.0
B4,roll_02,rf,12,138,0,0.0,0,0.0
B4,roll_02,rf,13,138,0,0.0,0,0.0
B4,roll_02,rf,14,138,0,0.0,0,0.0
B4,roll_02,rf,15,138,0,0.0,0,0.0
A1,roll_03,mlr,3,167,16,0.09580838323353294,11,0.0658682634730539
A1,roll_03,mlr,4,167,5,0.029940119760479042,3,0.017964071856287425
A1,roll_03,mlr,5,167,2,0.011976047904191617,0,0.0
A1,roll_03,mlr,6,167,0,0.0,0,0.0
A1,roll_03,mlr,7,167,0,0.0,0,0.0
A1,roll_03,mlr,8,167,0,0.0,0,0.0
A1,roll_03,mlr,9,167,0,0.0,0,0.0
A1,roll_03,mlr,10,167,0,0.0,0,0.0
A1,roll_03,mlr,11,167,0,0.0,0,0.0
A1,roll_03,mlr,12,167,0,0.0,0,0.0
A1,roll_03,mlr,13,167,0,0.0,0,0.0
A1,roll_03,mlr,14,167,0,0.0,0,0.0
A1,roll_03,mlr,15,167,0,0.0,0,0.0
A1,roll_03,persistence,3,167,30,0.17964071856287425,10,0.059880239520958084
A1,roll_03,persistence,4,167,19,0.11377245508982035,3,0.017964071856287425
A1,roll_03,persistence,5,167,9,0.05389221556886228,0,0.0
A1,roll_03,persistence,6,167,6,0.03592814371257485,0,0.0
A1,roll_03,persistence,7,167,1,0.005988023952095809,0,0.0
A1,roll_03,persistence,8,167,1,0.005988023952095809,0,0.0
A1,roll_03,persistence,9,167,0,0.0,0,0.0
A1,roll_03,persistence,10,167,0,0.0,0,0.0
A1,roll_03,persistence,11,167,0,0.0,0,0.0
A1,roll_03,persistence,12,167,0,0.0,0,0.0
A1,roll_03,persistence,13,167,0,0.0,0,0.0
A1,roll_03,persistence,14,167,0,0.0,0,0.0
A1,roll_03,persistence,15,167,0,0.0,0,0.0
A1,roll_03,rf,3,167,13,0.07784431137724551,11,0.0658682634730539
A1,roll_03,rf,4,167,5,0.029940119760479042,3,0.017964071856287425
A1,roll_03,rf,5,167,0,0.0,0,0.0
A1,roll_03,rf,6,167,0,0.0,0,0.0
A1,roll_03,rf,7,167,0,0.0,0,0.0
A1,roll_03,rf,8,167,0,0.0,0,0.0
A1,roll_03,rf,9,167,0,0.0,0,0.0
A1,roll_03,rf,10,167,0,0.0,0,0.0
A1,roll_03,rf,11,167,0,0.0,0,0.0
A1,roll_03,rf,12,167,0,0.0,0,0.0
A1,roll_03,rf,13,167,0,0.0,0,0.0
A1,roll_03,rf,14,167,0,0.0,0,0.0
A1,roll_03,rf,15,167,0,0.0,0,0.0
A2,roll_03,mlr,3,167,16,0.09580838323353294,11,0.0658682634730539
A2,roll_03,mlr,4,167,5,0.029940119760479042,3,0.017964071856287425
A2,roll_03,mlr,5,167,2,0.011976047904191617,0,0.0
A2,roll_03,mlr,6,167,0,0.0,0,0.0
A2,roll_03,mlr,7,167,0,0.0,0,0.0
A2,roll_03,mlr,8,167,0,0.0,0,0.0
A2,roll_03,mlr,9,167,0,0.0,0,0.0
A2,roll_03,mlr,10,167,0,0.0,0,0.0
A2,roll_03,mlr,11,167,0,0.0,0,0.0
A2,roll_03,mlr,12,167,0,0.0,0,0.0
A2,roll_03,mlr,13,167,0,0.0,0,0.0
A2,roll_03,mlr,14,167,0,0.0,0,0.0
A2,roll_03,mlr,15,167,0,0.0,0,0.0
A2,roll_03,persistence,3,167,30,0.17964071856287425,10,0.059880239520958084
A2,roll_03,persistence,4,167,19,0.11377245508982035,3,0.017964071856287425
A2,roll_03,persistence,5,167,9,0.05389221556886228,0,0.0
A2,roll_03,persistence,6,167,6,0.03592814371257485,0,0.0
A2,roll_03,persistence,7,167,1,0.005988023952095809,0,0.0
A2,roll_03,persistence,8,167,1,0.005988023952095809,0,0.0
A2,roll_03,persistence,9,167,0,0.0,0,0.0
A2,roll_03,persistence,10,167,0,0.0,0,0.0
A2,roll_03,persistence,11,167,0,0.0,0,0.0
A2,roll_03,persistence,12,167,0,0.0,0,0.0
A2,roll_03,persistence,13,167,0,0.0,0,0.0
A2,roll_03,persistence,14,167,0,0.0,0,0.0
A2,roll_03,persistence,15,167,0,0.0,0,0.0
A2,roll_03,rf,3,167,11,0.0658682634730539,11,0.0658682634730539
A2,roll_03,rf,4,167,4,0.023952095808383235,3,0.017964071856287425
A2,roll_03,rf,5,167,0,0.0,0,0.0
A2,roll_03,rf,6,167,0,0.0,0,0.0
A2,roll_03,rf,7,167,0,0.0,0,0.0
A2,roll_03,rf,8,167,0,0.0,0,0.0
A2,roll_03,rf,9,167,0,0.0,0,0.0
A2,roll_03,rf,10,167,0,0.0,0,0.0
A2,roll_03,rf,11,167,0,0.0,0,0.0
A2,roll_03,rf,12,167,0,0.0,0,0.0
A2,roll_03,rf,13,167,0,0.0,0,0.0
A2,roll_03,rf,14,167,0,0.0,0,0.0
A2,roll_03,rf,15,167,0,0.0,0,0.0
A3,roll_03,mlr,3,167,11,0.0658682634730539,11,0.0658682634730539
A3,roll_03,mlr,4,167,5,0.029940119760479042,3,0.017964071856287425
A3,roll_03,mlr,5,167,0,0.0,0,0.0
A3,roll_03,mlr,6,167,0,0.0,0,0.0
A3,roll_03,mlr,7,167,0,0.0,0,0.0
A3,roll_03,mlr,8,167,0,0.0,0,0.0
A3,roll_03,mlr,9,167,0,0.0,0,0.0
A3,roll_03,mlr,10,167,0,0.0,0,0.0
A3,roll_03,mlr,11,167,0,0.0,0,0.0
A3,roll_03,mlr,12,167,0,0.0,0,0.0
A3,roll_03,mlr,13,167,0,0.0,0,0.0
A3,roll_03,mlr,14,167,0,0.0,0,0.0
A3,roll_03,mlr,15,167,0,0.0,0,0.0
A3,roll_03,persistence,3,167,30,0.17964071856287425,10,0.059880239520958084
A3,roll_03,persistence,4,167,19,0.11377245508982035,3,0.017964071856287425
A3,roll_03,persistence,5,167,9,0.05389221556886228,0,0.0
A3,roll_03,persistence,6,167,6,0.03592814371257485,0,0.0
A3,roll_03,persistence,7,167,1,0.005988023952095809,0,0.0
A3,roll_03,persistence,8,167,1,0.005988023952095809,0,0.0
A3,roll_03,persistence,9,167,0,0.0,0,0.0
A3,roll_03,persistence,10,167,0,0.0,0,0.0
A3,roll_03,persistence,11,167,0,0.0,0,0.0
A3,roll_03,persistence,12,167,0,0.0,0,0.0
A3,roll_03,persistence,13,167,0,0.0,0,0.0
A3,roll_03,persistence,14,167,0,0.0,0,0.0
A3,roll_03,persistence,15,167,0,0.0,0,0.0
A3,roll_03,rf,3,167,12,0.0718562874251497,11,0.0658682634730539
A3,roll_03,rf,4,167,7,0.041916167664670656,3,0.017964071856287425
A3,roll_03,rf,5,167,0,0.0,0,0.0
A3,roll_03,rf,6,167,0,0.0,0,0.0
A3,roll_03,rf,7,167,0,0.0,0,0.0
A3,roll_03,rf,8,167,0,0.0,0,0.0
A3,roll_03,rf,9,167,0,0.0,0,0.0
A3,roll_03,rf,10,167,0,0.0,0,0.0
A3,roll_03,rf,11,167,0,0.0,0,0.0
A3,roll_03,rf,12,167,0,0.0,0,0.0
A3,roll_03,rf,13,167,0,0.0,0,0.0
A3,roll_03,rf,14,167,0,0.0,0,0.0
A3,roll_03,rf,15,167,0,0.0,0,0.0
A4,roll_03,mlr,3,124,8,0.06451612903225806,12,0.0967741935483871
A4,roll_03,mlr,4,124,3,0.024193548387096774,2,0.016129032258064516
A4,roll_03,mlr,5,124,0,0.0,0,0.0
A4,roll_03,mlr,6,124,0,0.0,0,0.0
A4,roll_03,mlr,7,124,0,0.0,0,0.0
A4,roll_03,mlr,8,124,0,0.0,0,0.0
A4,roll_03,mlr,9,124,0,0.0,0,0.0
A4,roll_03,mlr,10,124,0,0.0,0,0.0
A4,roll_03,mlr,11,124,0,0.0,0,0.0
A4,roll_03,mlr,12,124,0,0.0,0,0.0
A4,roll_03,mlr,13,124,0,0.0,0,0.0
A4,roll_03,mlr,14,124,0,0.0,0,0.0
A4,roll_03,mlr,15,124,0,0.0,0,0.0
A4,roll_03,persistence,3,124,18,0.14516129032258066,12,0.0967741935483871
A4,roll_03,persistence,4,124,9,0.07258064516129033,2,0.016129032258064516
A4,roll_03,persistence,5,124,4,0.03225806451612903,0,0.0
A4,roll_03,persistence,6,124,1,0.008064516129032258,0,0.0
A4,roll_03,persistence,7,124,0,0.0,0,0.0
A4,roll_03,persistence,8,124,0,0.0,0,0.0
A4,roll_03,persistence,9,124,0,0.0,0,0.0
A4,roll_03,persistence,10,124,0,0.0,0,0.0
A4,roll_03,persistence,11,124,0,0.0,0,0.0
A4,roll_03,persistence,12,124,0,0.0,0,0.0
A4,roll_03,persistence,13,124,0,0.0,0,0.0
A4,roll_03,persistence,14,124,0,0.0,0,0.0
A4,roll_03,persistence,15,124,0,0.0,0,0.0
A4,roll_03,rf,3,124,4,0.03225806451612903,12,0.0967741935483871
A4,roll_03,rf,4,124,0,0.0,2,0.016129032258064516
A4,roll_03,rf,5,124,0,0.0,0,0.0
A4,roll_03,rf,6,124,0,0.0,0,0.0
A4,roll_03,rf,7,124,0,0.0,0,0.0
A4,roll_03,rf,8,124,0,0.0,0,0.0
A4,roll_03,rf,9,124,0,0.0,0,0.0
A4,roll_03,rf,10,124,0,0.0,0,0.0
A4,roll_03,rf,11,124,0,0.0,0,0.0
A4,roll_03,rf,12,124,0,0.0,0,0.0
A4,roll_03,rf,13,124,0,0.0,0,0.0
A4,roll_03,rf,14,124,0,0.0,0,0.0
A4,roll_03,rf,15,124,0,0.0,0,0.0
B1,roll_03,mlr,3,167,16,0.09580838323353294,11,0.0658682634730539
B1,roll_03,mlr,4,167,5,0.029940119760479042,3,0.017964071856287425
B1,roll_03,mlr,5,167,2,0.011976047904191617,0,0.0
B1,roll_03,mlr,6,167,0,0.0,0,0.0
B1,roll_03,mlr,7,167,0,0.0,0,0.0
B1,roll_03,mlr,8,167,0,0.0,0,0.0
B1,roll_03,mlr,9,167,0,0.0,0,0.0
B1,roll_03,mlr,10,167,0,0.0,0,0.0
B1,roll_03,mlr,11,167,0,0.0,0,0.0
B1,roll_03,mlr,12,167,0,0.0,0,0.0
B1,roll_03,mlr,13,167,0,0.0,0,0.0
B1,roll_03,mlr,14,167,0,0.0,0,0.0
B1,roll_03,mlr,15,167,0,0.0,0,0.0
B1,roll_03,persistence,3,167,30,0.17964071856287425,10,0.059880239520958084
B1,roll_03,persistence,4,167,19,0.11377245508982035,3,0.017964071856287425
B1,roll_03,persistence,5,167,9,0.05389221556886228,0,0.0
B1,roll_03,persistence,6,167,6,0.03592814371257485,0,0.0
B1,roll_03,persistence,7,167,1,0.005988023952095809,0,0.0
B1,roll_03,persistence,8,167,1,0.005988023952095809,0,0.0
B1,roll_03,persistence,9,167,0,0.0,0,0.0
B1,roll_03,persistence,10,167,0,0.0,0,0.0
B1,roll_03,persistence,11,167,0,0.0,0,0.0
B1,roll_03,persistence,12,167,0,0.0,0,0.0
B1,roll_03,persistence,13,167,0,0.0,0,0.0
B1,roll_03,persistence,14,167,0,0.0,0,0.0
B1,roll_03,persistence,15,167,0,0.0,0,0.0
B1,roll_03,rf,3,167,13,0.07784431137724551,11,0.0658682634730539
B1,roll_03,rf,4,167,5,0.029940119760479042,3,0.017964071856287425
B1,roll_03,rf,5,167,0,0.0,0,0.0
B1,roll_03,rf,6,167,0,0.0,0,0.0
B1,roll_03,rf,7,167,0,0.0,0,0.0
B1,roll_03,rf,8,167,0,0.0,0,0.0
B1,roll_03,rf,9,167,0,0.0,0,0.0
B1,roll_03,rf,10,167,0,0.0,0,0.0
B1,roll_03,rf,11,167,0,0.0,0,0.0
B1,roll_03,rf,12,167,0,0.0,0,0.0
B1,roll_03,rf,13,167,0,0.0,0,0.0
B1,roll_03,rf,14,167,0,0.0,0,0.0
B1,roll_03,rf,15,167,0,0.0,0,0.0
B2,roll_03,mlr,3,167,16,0.09580838323353294,11,0.0658682634730539
B2,roll_03,mlr,4,167,5,0.029940119760479042,3,0.017964071856287425
B2,roll_03,mlr,5,167,2,0.011976047904191617,0,0.0
B2,roll_03,mlr,6,167,0,0.0,0,0.0
B2,roll_03,mlr,7,167,0,0.0,0,0.0
B2,roll_03,mlr,8,167,0,0.0,0,0.0
B2,roll_03,mlr,9,167,0,0.0,0,0.0
B2,roll_03,mlr,10,167,0,0.0,0,0.0
B2,roll_03,mlr,11,167,0,0.0,0,0.0
B2,roll_03,mlr,12,167,0,0.0,0,0.0
B2,roll_03,mlr,13,167,0,0.0,0,0.0
B2,roll_03,mlr,14,167,0,0.0,0,0.0
B2,roll_03,mlr,15,167,0,0.0,0,0.0
B2,roll_03,persistence,3,167,30,0.17964071856287425,10,0.059880239520958084
B2,roll_03,persistence,4,167,19,0.11377245508982035,3,0.017964071856287425
B2,roll_03,persistence,5,167,9,0.05389221556886228,0,0.0
B2,roll_03,persistence,6,167,6,0.03592814371257485,0,0.0
B2,roll_03,persistence,7,167,1,0.005988023952095809,0,0.0
B2,roll_03,persistence,8,167,1,0.005988023952095809,0,0.0
B2,roll_03,persistence,9,167,0,0.0,0,0.0
B2,roll_03,persistence,10,167,0,0.0,0,0.0
B2,roll_03,persistence,11,167,0,0.0,0,0.0
B2,roll_03,persistence,12,167,0,0.0,0,0.0
B2,roll_03,persistence,13,167,0,0.0,0,0.0
B2,roll_03,persistence,14,167,0,0.0,0,0.0
B2,roll_03,persistence,15,167,0,0.0,0,0.0
B2,roll_03,rf,3,167,11,0.0658682634730539,11,0.0658682634730539
B2,roll_03,rf,4,167,4,0.023952095808383235,3,0.017964071856287425
B2,roll_03,rf,5,167,0,0.0,0,0.0
B2,roll_03,rf,6,167,0,0.0,0,0.0
B2,roll_03,rf,7,167,0,0.0,0,0.0
B2,roll_03,rf,8,167,0,0.0,0,0.0
B2,roll_03,rf,9,167,0,0.0,0,0.0
B2,roll_03,rf,10,167,0,0.0,0,0.0
B2,roll_03,rf,11,167,0,0.0,0,0.0
B2,roll_03,rf,12,167,0,0.0,0,0.0
B2,roll_03,rf,13,167,0,0.0,0,0.0
B2,roll_03,rf,14,167,0,0.0,0,0.0
B2,roll_03,rf,15,167,0,0.0,0,0.0
B3,roll_03,mlr,3,167,11,0.0658682634730539,11,0.0658682634730539
B3,roll_03,mlr,4,167,5,0.029940119760479042,3,0.017964071856287425
B3,roll_03,mlr,5,167,0,0.0,0,0.0
B3,roll_03,mlr,6,167,0,0.0,0,0.0
B3,roll_03,mlr,7,167,0,0.0,0,0.0
B3,roll_03,mlr,8,167,0,0.0,0,0.0
B3,roll_03,mlr,9,167,0,0.0,0,0.0
B3,roll_03,mlr,10,167,0,0.0,0,0.0
B3,roll_03,mlr,11,167,0,0.0,0,0.0
B3,roll_03,mlr,12,167,0,0.0,0,0.0
B3,roll_03,mlr,13,167,0,0.0,0,0.0
B3,roll_03,mlr,14,167,0,0.0,0,0.0
B3,roll_03,mlr,15,167,0,0.0,0,0.0
B3,roll_03,persistence,3,167,30,0.17964071856287425,10,0.059880239520958084
B3,roll_03,persistence,4,167,19,0.11377245508982035,3,0.017964071856287425
B3,roll_03,persistence,5,167,9,0.05389221556886228,0,0.0
B3,roll_03,persistence,6,167,6,0.03592814371257485,0,0.0
B3,roll_03,persistence,7,167,1,0.005988023952095809,0,0.0
B3,roll_03,persistence,8,167,1,0.005988023952095809,0,0.0
B3,roll_03,persistence,9,167,0,0.0,0,0.0
B3,roll_03,persistence,10,167,0,0.0,0,0.0
B3,roll_03,persistence,11,167,0,0.0,0,0.0
B3,roll_03,persistence,12,167,0,0.0,0,0.0
B3,roll_03,persistence,13,167,0,0.0,0,0.0
B3,roll_03,persistence,14,167,0,0.0,0,0.0
B3,roll_03,persistence,15,167,0,0.0,0,0.0
B3,roll_03,rf,3,167,12,0.0718562874251497,11,0.0658682634730539
B3,roll_03,rf,4,167,7,0.041916167664670656,3,0.017964071856287425
B3,roll_03,rf,5,167,0,0.0,0,0.0
B3,roll_03,rf,6,167,0,0.0,0,0.0
B3,roll_03,rf,7,167,0,0.0,0,0.0
B3,roll_03,rf,8,167,0,0.0,0,0.0
B3,roll_03,rf,9,167,0,0.0,0,0.0
B3,roll_03,rf,10,167,0,0.0,0,0.0
B3,roll_03,rf,11,167,0,0.0,0,0.0
B3,roll_03,rf,12,167,0,0.0,0,0.0
B3,roll_03,rf,13,167,0,0.0,0,0.0
B3,roll_03,rf,14,167,0,0.0,0,0.0
B3,roll_03,rf,15,167,0,0.0,0,0.0
B4,roll_03,mlr,3,124,8,0.06451612903225806,12,0.0967741935483871
B4,roll_03,mlr,4,124,3,0.024193548387096774,2,0.016129032258064516
B4,roll_03,mlr,5,124,0,0.0,0,0.0
B4,roll_03,mlr,6,124,0,0.0,0,0.0
B4,roll_03,mlr,7,124,0,0.0,0,0.0
B4,roll_03,mlr,8,124,0,0.0,0,0.0
B4,roll_03,mlr,9,124,0,0.0,0,0.0
B4,roll_03,mlr,10,124,0,0.0,0,0.0
B4,roll_03,mlr,11,124,0,0.0,0,0.0
B4,roll_03,mlr,12,124,0,0.0,0,0.0
B4,roll_03,mlr,13,124,0,0.0,0,0.0
B4,roll_03,mlr,14,124,0,0.0,0,0.0
B4,roll_03,mlr,15,124,0,0.0,0,0.0
B4,roll_03,persistence,3,124,18,0.14516129032258066,12,0.0967741935483871
B4,roll_03,persistence,4,124,9,0.07258064516129033,2,0.016129032258064516
B4,roll_03,persistence,5,124,4,0.03225806451612903,0,0.0
B4,roll_03,persistence,6,124,1,0.008064516129032258,0,0.0
B4,roll_03,persistence,7,124,0,0.0,0,0.0
B4,roll_03,persistence,8,124,0,0.0,0,0.0
B4,roll_03,persistence,9,124,0,0.0,0,0.0
B4,roll_03,persistence,10,124,0,0.0,0,0.0
B4,roll_03,persistence,11,124,0,0.0,0,0.0
B4,roll_03,persistence,12,124,0,0.0,0,0.0
B4,roll_03,persistence,13,124,0,0.0,0,0.0
B4,roll_03,persistence,14,124,0,0.0,0,0.0
B4,roll_03,persistence,15,124,0,0.0,0,0.0
B4,roll_03,rf,3,124,4,0.03225806451612903,12,0.0967741935483871
B4,roll_03,rf,4,124,0,0.0,2,0.016129032258064516
B4,roll_03,rf,5,124,0,0.0,0,0.0
B4,roll_03,rf,6,124,0,0.0,0,0.0
B4,roll_03,rf,7,124,0,0.0,0,0.0
B4,roll_03,rf,8,124,0,0.0,0,0.0
B4,roll_03,rf,9,124,0,0.0,0,0.0
B4,roll_03,rf,10,124,0,0.0,0,0.0
B4,roll_03,rf,11,124,0,0.0,0,0.0
B4,roll_03,rf,12,124,0,0.0,0,0.0
B4,roll_03,rf,13,124,0,0.0,0,0.0
B4,roll_03,rf,14,124,0,0.0,0,0.0
B4,roll_03,rf,15,124,0,0.0,0,0.0
A1,roll_04,mlr,3,167,8,0.04790419161676647,7,0.041916167664670656
A1,roll_04,mlr,4,167,5,0.029940119760479042,2,0.011976047904191617
A1,roll_04,mlr,5,167,2,0.011976047904191617,0,0.0
A1,roll_04,mlr,6,167,0,0.0,0,0.0
A1,roll_04,mlr,7,167,0,0.0,0,0.0
A1,roll_04,mlr,8,167,0,0.0,0,0.0
A1,roll_04,mlr,9,167,0,0.0,0,0.0
A1,roll_04,mlr,10,167,0,0.0,0,0.0
A1,roll_04,mlr,11,167,0,0.0,0,0.0
A1,roll_04,mlr,12,167,0,0.0,0,0.0
A1,roll_04,mlr,13,167,0,0.0,0,0.0
A1,roll_04,mlr,14,167,0,0.0,0,0.0
A1,roll_04,mlr,15,167,0,0.0,0,0.0
A1,roll_04,persistence,3,167,24,0.1437125748502994,7,0.041916167664670656
A1,roll_04,persistence,4,167,10,0.059880239520958084,2,0.011976047904191617
A1,roll_04,persistence,5,167,5,0.029940119760479042,0,0.0
A1,roll_04,persistence,6,167,4,0.023952095808383235,0,0.0
A1,roll_04,persistence,7,167,1,0.005988023952095809,0,0.0
A1,roll_04,persistence,8,167,0,0.0,0,0.0
A1,roll_04,persistence,9,167,0,0.0,0,0.0
A1,roll_04,persistence,10,167,0,0.0,0,0.0
A1,roll_04,persistence,11,167,0,0.0,0,0.0
A1,roll_04,persistence,12,167,0,0.0,0,0.0
A1,roll_04,persistence,13,167,0,0.0,0,0.0
A1,roll_04,persistence,14,167,0,0.0,0,0.0
A1,roll_04,persistence,15,167,0,0.0,0,0.0
A1,roll_04,rf,3,167,6,0.03592814371257485,7,0.041916167664670656
A1,roll_04,rf,4,167,6,0.03592814371257485,2,0.011976047904191617
A1,roll_04,rf,5,167,2,0.011976047904191617,0,0.0
A1,roll_04,rf,6,167,1,0.005988023952095809,0,0.0
A1,roll_04,rf,7,167,1,0.005988023952095809,0,0.0
A1,roll_04,rf,8,167,0,0.0,0,0.0
A1,roll_04,rf,9,167,0,0.0,0,0.0
A1,roll_04,rf,10,167,0,0.0,0,0.0
A1,roll_04,rf,11,167,0,0.0,0,0.0
A1,roll_04,rf,12,167,0,0.0,0,0.0
A1,roll_04,rf,13,167,0,0.0,0,0.0
A1,roll_04,rf,14,167,0,0.0,0,0.0
A1,roll_04,rf,15,167,0,0.0,0,0.0
A2,roll_04,mlr,3,150,7,0.04666666666666667,7,0.04666666666666667
A2,roll_04,mlr,4,150,5,0.03333333333333333,2,0.013333333333333334
A2,roll_04,mlr,5,150,2,0.013333333333333334,0,0.0
A2,roll_04,mlr,6,150,0,0.0,0,0.0
A2,roll_04,mlr,7,150,0,0.0,0,0.0
A2,roll_04,mlr,8,150,0,0.0,0,0.0
A2,roll_04,mlr,9,150,0,0.0,0,0.0
A2,roll_04,mlr,10,150,0,0.0,0,0.0
A2,roll_04,mlr,11,150,0,0.0,0,0.0
A2,roll_04,mlr,12,150,0,0.0,0,0.0
A2,roll_04,mlr,13,150,0,0.0,0,0.0
A2,roll_04,mlr,14,150,0,0.0,0,0.0
A2,roll_04,mlr,15,150,0,0.0,0,0.0
A2,roll_04,persistence,3,150,23,0.15333333333333332,7,0.04666666666666667
A2,roll_04,persistence,4,150,9,0.06,2,0.013333333333333334
A2,roll_04,persistence,5,150,5,0.03333333333333333,0,0.0
A2,roll_04,persistence,6,150,4,0.02666666666666667,0,0.0
A2,roll_04,persistence,7,150,1,0.006666666666666667,0,0.0
A2,roll_04,persistence,8,150,0,0.0,0,0.0
A2,roll_04,persistence,9,150,0,0.0,0,0.0
A2,roll_04,persistence,10,150,0,0.0,0,0.0
A2,roll_04,persistence,11,150,0,0.0,0,0.0
A2,roll_04,persistence,12,150,0,0.0,0,0.0
A2,roll_04,persistence,13,150,0,0.0,0,0.0
A2,roll_04,persistence,14,150,0,0.0,0,0.0
A2,roll_04,persistence,15,150,0,0.0,0,0.0
A2,roll_04,rf,3,150,6,0.04,7,0.04666666666666667
A2,roll_04,rf,4,150,5,0.03333333333333333,2,0.013333333333333334
A2,roll_04,rf,5,150,2,0.013333333333333334,0,0.0
A2,roll_04,rf,6,150,1,0.006666666666666667,0,0.0
A2,roll_04,rf,7,150,0,0.0,0,0.0
A2,roll_04,rf,8,150,0,0.0,0,0.0
A2,roll_04,rf,9,150,0,0.0,0,0.0
A2,roll_04,rf,10,150,0,0.0,0,0.0
A2,roll_04,rf,11,150,0,0.0,0,0.0
A2,roll_04,rf,12,150,0,0.0,0,0.0
A2,roll_04,rf,13,150,0,0.0,0,0.0
A2,roll_04,rf,14,150,0,0.0,0,0.0
A2,roll_04,rf,15,150,0,0.0,0,0.0
A3,roll_04,mlr,3,167,9,0.05389221556886228,7,0.041916167664670656
A3,roll_04,mlr,4,167,3,0.017964071856287425,2,0.011976047904191617
A3,roll_04,mlr,5,167,2,0.011976047904191617,0,0.0
A3,roll_04,mlr,6,167,0,0.0,0,0.0
A3,roll_04,mlr,7,167,0,0.0,0,0.0
A3,roll_04,mlr,8,167,0,0.0,0,0.0
A3,roll_04,mlr,9,167,0,0.0,0,0.0
A3,roll_04,mlr,10,167,0,0.0,0,0.0
A3,roll_04,mlr,11,167,0,0.0,0,0.0
A3,roll_04,mlr,12,167,0,0.0,0,0.0
A3,roll_04,mlr,13,167,0,0.0,0,0.0
A3,roll_04,mlr,14,167,0,0.0,0,0.0
A3,roll_04,mlr,15,167,0,0.0,0,0.0
A3,roll_04,persistence,3,167,24,0.1437125748502994,7,0.041916167664670656
A3,roll_04,persistence,4,167,10,0.059880239520958084,2,0.011976047904191617
A3,roll_04,persistence,5,167,5,0.029940119760479042,0,0.0
A3,roll_04,persistence,6,167,4,0.023952095808383235,0,0.0
A3,roll_04,persistence,7,167,1,0.005988023952095809,0,0.0
A3,roll_04,persistence,8,167,0,0.0,0,0.0
A3,roll_04,persistence,9,167,0,0.0,0,0.0
A3,roll_04,persistence,10,167,0,0.0,0,0.0
A3,roll_04,persistence,11,167,0,0.0,0,0.0
A3,roll_04,persistence,12,167,0,0.0,0,0.0
A3,roll_04,persistence,13,167,0,0.0,0,0.0
A3,roll_04,persistence,14,167,0,0.0,0,0.0
A3,roll_04,persistence,15,167,0,0.0,0,0.0
A3,roll_04,rf,3,167,6,0.03592814371257485,7,0.041916167664670656
A3,roll_04,rf,4,167,5,0.029940119760479042,2,0.011976047904191617
A3,roll_04,rf,5,167,2,0.011976047904191617,0,0.0
A3,roll_04,rf,6,167,1,0.005988023952095809,0,0.0
A3,roll_04,rf,7,167,0,0.0,0,0.0
A3,roll_04,rf,8,167,0,0.0,0,0.0
A3,roll_04,rf,9,167,0,0.0,0,0.0
A3,roll_04,rf,10,167,0,0.0,0,0.0
A3,roll_04,rf,11,167,0,0.0,0,0.0
A3,roll_04,rf,12,167,0,0.0,0,0.0
A3,roll_04,rf,13,167,0,0.0,0,0.0
A3,roll_04,rf,14,167,0,0.0,0,0.0
A3,roll_04,rf,15,167,0,0.0,0,0.0
A4,roll_04,mlr,3,97,3,0.030927835051546393,10,0.10309278350515463
A4,roll_04,mlr,4,97,2,0.020618556701030927,1,0.010309278350515464
A4,roll_04,mlr,5,97,1,0.010309278350515464,0,0.0
A4,roll_04,mlr,6,97,0,0.0,0,0.0
A4,roll_04,mlr,7,97,0,0.0,0,0.0
A4,roll_04,mlr,8,97,0,0.0,0,0.0
A4,roll_04,mlr,9,97,0,0.0,0,0.0
A4,roll_04,mlr,10,97,0,0.0,0,0.0
A4,roll_04,mlr,11,97,0,0.0,0,0.0
A4,roll_04,mlr,12,97,0,0.0,0,0.0
A4,roll_04,mlr,13,97,0,0.0,0,0.0
A4,roll_04,mlr,14,97,0,0.0,0,0.0
A4,roll_04,mlr,15,97,0,0.0,0,0.0
A4,roll_04,persistence,3,97,7,0.07216494845360824,7,0.07216494845360824
A4,roll_04,persistence,4,97,4,0.041237113402061855,1,0.010309278350515464
A4,roll_04,persistence,5,97,1,0.010309278350515464,0,0.0
A4,roll_04,persistence,6,97,0,0.0,0,0.0
A4,roll_04,persistence,7,97,0,0.0,0,0.0
A4,roll_04,persistence,8,97,0,0.0,0,0.0
A4,roll_04,persistence,9,97,0,0.0,0,0.0
A4,roll_04,persistence,10,97,0,0.0,0,0.0
A4,roll_04,persistence,11,97,0,0.0,0,0.0
A4,roll_04,persistence,12,97,0,0.0,0,0.0
A4,roll_04,persistence,13,97,0,0.0,0,0.0
A4,roll_04,persistence,14,97,0,0.0,0,0.0
A4,roll_04,persistence,15,97,0,0.0,0,0.0
A4,roll_04,rf,3,97,4,0.041237113402061855,10,0.10309278350515463
A4,roll_04,rf,4,97,2,0.020618556701030927,1,0.010309278350515464
A4,roll_04,rf,5,97,1,0.010309278350515464,0,0.0
A4,roll_04,rf,6,97,0,0.0,0,0.0
A4,roll_04,rf,7,97,0,0.0,0,0.0
A4,roll_04,rf,8,97,0,0.0,0,0.0
A4,roll_04,rf,9,97,0,0.0,0,0.0
A4,roll_04,rf,10,97,0,0.0,0,0.0
A4,roll_04,rf,11,97,0,0.0,0,0.0
A4,roll_04,rf,12,97,0,0.0,0,0.0
A4,roll_04,rf,13,97,0,0.0,0,0.0
A4,roll_04,rf,14,97,0,0.0,0,0.0
A4,roll_04,rf,15,97,0,0.0,0,0.0
B1,roll_04,mlr,3,167,8,0.04790419161676647,7,0.041916167664670656
B1,roll_04,mlr,4,167,5,0.029940119760479042,2,0.011976047904191617
B1,roll_04,mlr,5,167,2,0.011976047904191617,0,0.0
B1,roll_04,mlr,6,167,0,0.0,0,0.0
B1,roll_04,mlr,7,167,0,0.0,0,0.0
B1,roll_04,mlr,8,167,0,0.0,0,0.0
B1,roll_04,mlr,9,167,0,0.0,0,0.0
B1,roll_04,mlr,10,167,0,0.0,0,0.0
B1,roll_04,mlr,11,167,0,0.0,0,0.0
B1,roll_04,mlr,12,167,0,0.0,0,0.0
B1,roll_04,mlr,13,167,0,0.0,0,0.0
B1,roll_04,mlr,14,167,0,0.0,0,0.0
B1,roll_04,mlr,15,167,0,0.0,0,0.0
B1,roll_04,persistence,3,167,24,0.1437125748502994,7,0.041916167664670656
B1,roll_04,persistence,4,167,10,0.059880239520958084,2,0.011976047904191617
B1,roll_04,persistence,5,167,5,0.029940119760479042,0,0.0
B1,roll_04,persistence,6,167,4,0.023952095808383235,0,0.0
B1,roll_04,persistence,7,167,1,0.005988023952095809,0,0.0
B1,roll_04,persistence,8,167,0,0.0,0,0.0
B1,roll_04,persistence,9,167,0,0.0,0,0.0
B1,roll_04,persistence,10,167,0,0.0,0,0.0
B1,roll_04,persistence,11,167,0,0.0,0,0.0
B1,roll_04,persistence,12,167,0,0.0,0,0.0
B1,roll_04,persistence,13,167,0,0.0,0,0.0
B1,roll_04,persistence,14,167,0,0.0,0,0.0
B1,roll_04,persistence,15,167,0,0.0,0,0.0
B1,roll_04,rf,3,167,6,0.03592814371257485,7,0.041916167664670656
B1,roll_04,rf,4,167,6,0.03592814371257485,2,0.011976047904191617
B1,roll_04,rf,5,167,2,0.011976047904191617,0,0.0
B1,roll_04,rf,6,167,1,0.005988023952095809,0,0.0
B1,roll_04,rf,7,167,1,0.005988023952095809,0,0.0
B1,roll_04,rf,8,167,0,0.0,0,0.0
B1,roll_04,rf,9,167,0,0.0,0,0.0
B1,roll_04,rf,10,167,0,0.0,0,0.0
B1,roll_04,rf,11,167,0,0.0,0,0.0
B1,roll_04,rf,12,167,0,0.0,0,0.0
B1,roll_04,rf,13,167,0,0.0,0,0.0
B1,roll_04,rf,14,167,0,0.0,0,0.0
B1,roll_04,rf,15,167,0,0.0,0,0.0
B2,roll_04,mlr,3,150,7,0.04666666666666667,7,0.04666666666666667
B2,roll_04,mlr,4,150,5,0.03333333333333333,2,0.013333333333333334
B2,roll_04,mlr,5,150,2,0.013333333333333334,0,0.0
B2,roll_04,mlr,6,150,0,0.0,0,0.0
B2,roll_04,mlr,7,150,0,0.0,0,0.0
B2,roll_04,mlr,8,150,0,0.0,0,0.0
B2,roll_04,mlr,9,150,0,0.0,0,0.0
B2,roll_04,mlr,10,150,0,0.0,0,0.0
B2,roll_04,mlr,11,150,0,0.0,0,0.0
B2,roll_04,mlr,12,150,0,0.0,0,0.0
B2,roll_04,mlr,13,150,0,0.0,0,0.0
B2,roll_04,mlr,14,150,0,0.0,0,0.0
B2,roll_04,mlr,15,150,0,0.0,0,0.0
B2,roll_04,persistence,3,150,23,0.15333333333333332,7,0.04666666666666667
B2,roll_04,persistence,4,150,9,0.06,2,0.013333333333333334
B2,roll_04,persistence,5,150,5,0.03333333333333333,0,0.0
B2,roll_04,persistence,6,150,4,0.02666666666666667,0,0.0
B2,roll_04,persistence,7,150,1,0.006666666666666667,0,0.0
B2,roll_04,persistence,8,150,0,0.0,0,0.0
B2,roll_04,persistence,9,150,0,0.0,0,0.0
B2,roll_04,persistence,10,150,0,0.0,0,0.0
B2,roll_04,persistence,11,150,0,0.0,0,0.0
B2,roll_04,persistence,12,150,0,0.0,0,0.0
B2,roll_04,persistence,13,150,0,0.0,0,0.0
B2,roll_04,persistence,14,150,0,0.0,0,0.0
B2,roll_04,persistence,15,150,0,0.0,0,0.0
B2,roll_04,rf,3,150,6,0.04,7,0.04666666666666667
B2,roll_04,rf,4,150,5,0.03333333333333333,2,0.013333333333333334
B2,roll_04,rf,5,150,2,0.013333333333333334,0,0.0
B2,roll_04,rf,6,150,1,0.006666666666666667,0,0.0
B2,roll_04,rf,7,150,0,0.0,0,0.0
B2,roll_04,rf,8,150,0,0.0,0,0.0
B2,roll_04,rf,9,150,0,0.0,0,0.0
B2,roll_04,rf,10,150,0,0.0,0,0.0
B2,roll_04,rf,11,150,0,0.0,0,0.0
B2,roll_04,rf,12,150,0,0.0,0,0.0
B2,roll_04,rf,13,150,0,0.0,0,0.0
B2,roll_04,rf,14,150,0,0.0,0,0.0
B2,roll_04,rf,15,150,0,0.0,0,0.0
B3,roll_04,mlr,3,167,9,0.05389221556886228,7,0.041916167664670656
B3,roll_04,mlr,4,167,3,0.017964071856287425,2,0.011976047904191617
B3,roll_04,mlr,5,167,2,0.011976047904191617,0,0.0
B3,roll_04,mlr,6,167,0,0.0,0,0.0
B3,roll_04,mlr,7,167,0,0.0,0,0.0
B3,roll_04,mlr,8,167,0,0.0,0,0.0
B3,roll_04,mlr,9,167,0,0.0,0,0.0
B3,roll_04,mlr,10,167,0,0.0,0,0.0
B3,roll_04,mlr,11,167,0,0.0,0,0.0
B3,roll_04,mlr,12,167,0,0.0,0,0.0
B3,roll_04,mlr,13,167,0,0.0,0,0.0
B3,roll_04,mlr,14,167,0,0.0,0,0.0
B3,roll_04,mlr,15,167,0,0.0,0,0.0
B3,roll_04,persistence,3,167,24,0.1437125748502994,7,0.041916167664670656
B3,roll_04,persistence,4,167,10,0.059880239520958084,2,0.011976047904191617
B3,roll_04,persistence,5,167,5,0.029940119760479042,0,0.0
B3,roll_04,persistence,6,167,4,0.023952095808383235,0,0.0
B3,roll_04,persistence,7,167,1,0.005988023952095809,0,0.0
B3,roll_04,persistence,8,167,0,0.0,0,0.0
B3,roll_04,persistence,9,167,0,0.0,0,0.0
B3,roll_04,persistence,10,167,0,0.0,0,0.0
B3,roll_04,persistence,11,167,0,0.0,0,0.0
B3,roll_04,persistence,12,167,0,0.0,0,0.0
B3,roll_04,persistence,13,167,0,0.0,0,0.0
B3,roll_04,persistence,14,167,0,0.0,0,0.0
B3,roll_04,persistence,15,167,0,0.0,0,0.0
B3,roll_04,rf,3,167,6,0.03592814371257485,7,0.041916167664670656
B3,roll_04,rf,4,167,5,0.029940119760479042,2,0.011976047904191617
B3,roll_04,rf,5,167,2,0.011976047904191617,0,0.0
B3,roll_04,rf,6,167,1,0.005988023952095809,0,0.0
B3,roll_04,rf,7,167,0,0.0,0,0.0
B3,roll_04,rf,8,167,0,0.0,0,0.0
B3,roll_04,rf,9,167,0,0.0,0,0.0
B3,roll_04,rf,10,167,0,0.0,0,0.0
B3,roll_04,rf,11,167,0,0.0,0,0.0
B3,roll_04,rf,12,167,0,0.0,0,0.0
B3,roll_04,rf,13,167,0,0.0,0,0.0
B3,roll_04,rf,14,167,0,0.0,0,0.0
B3,roll_04,rf,15,167,0,0.0,0,0.0
B4,roll_04,mlr,3,97,3,0.030927835051546393,10,0.10309278350515463
B4,roll_04,mlr,4,97,2,0.020618556701030927,1,0.010309278350515464
B4,roll_04,mlr,5,97,1,0.010309278350515464,0,0.0
B4,roll_04,mlr,6,97,0,0.0,0,0.0
B4,roll_04,mlr,7,97,0,0.0,0,0.0
B4,roll_04,mlr,8,97,0,0.0,0,0.0
B4,roll_04,mlr,9,97,0,0.0,0,0.0
B4,roll_04,mlr,10,97,0,0.0,0,0.0
B4,roll_04,mlr,11,97,0,0.0,0,0.0
B4,roll_04,mlr,12,97,0,0.0,0,0.0
B4,roll_04,mlr,13,97,0,0.0,0,0.0
B4,roll_04,mlr,14,97,0,0.0,0,0.0
B4,roll_04,mlr,15,97,0,0.0,0,0.0
B4,roll_04,persistence,3,97,7,0.07216494845360824,7,0.07216494845360824
B4,roll_04,persistence,4,97,4,0.041237113402061855,1,0.010309278350515464
B4,roll_04,persistence,5,97,1,0.010309278350515464,0,0.0
B4,roll_04,persistence,6,97,0,0.0,0,0.0
B4,roll_04,persistence,7,97,0,0.0,0,0.0
B4,roll_04,persistence,8,97,0,0.0,0,0.0
B4,roll_04,persistence,9,97,0,0.0,0,0.0
B4,roll_04,persistence,10,97,0,0.0,0,0.0
B4,roll_04,persistence,11,97,0,0.0,0,0.0
B4,roll_04,persistence,12,97,0,0.0,0,0.0
B4,roll_04,persistence,13,97,0,0.0,0,0.0
B4,roll_04,persistence,14,97,0,0.0,0,0.0
B4,roll_04,persistence,15,97,0,0.0,0,0.0
B4,roll_04,rf,3,97,4,0.041237113402061855,10,0.10309278350515463
B4,roll_04,rf,4,97,2,0.020618556701030927,1,0.010309278350515464
B4,roll_04,rf,5,97,1,0.010309278350515464,0,0.0
B4,roll_04,rf,6,97,0,0.0,0,0.0
B4,roll_04,rf,7,97,0,0.0,0,0.0
B4,roll_04,rf,8,97,0,0.0,0,0.0
B4,roll_04,rf,9,97,0,0.0,0,0.0
B4,roll_04,rf,10,97,0,0.0,0,0.0
B4,roll_04,rf,11,97,0,0.0,0,0.0
B4,roll_04,rf,12,97,0,0.0,0,0.0
B4,roll_04,rf,13,97,0,0.0,0,0.0
B4,roll_04,rf,14,97,0,0.0,0,0.0
B4,roll_04,rf,15,97,0,0.0,0,0.0
