split_id,dataset_id,pipeline,mode,n_rows_total,n_rows_train,n_rows_test,train_start_utc,train_end_utc,test_start_utc,test_end_utc,week_index_utc
roll_01,A1,A,keep-imputed,839,672,167,2025-12-08T00:00:00+00:00,2026-01-12T00:00:00+00:00,2026-01-12T00:00:00+00:00,2026-01-19T00:00:00+00:00,1
roll_01,A2,A,clean-only,839,672,167,2025-12-08T00:00:00+00:00,2026-01-12T00:00:00+00:00,2026-01-12T00:00:00+00:00,2026-01-19T00:00:00+00:00,1
roll_01,A3,A,keep-imputed,839,672,167,2025-12-08T00:00:00+00:00,2026-01-12T00:00:00+00:00,2026-01-12T00:00:00+00:00,2026-01-19T00:00:00+00:00,1
roll_01,A4,A,clean-only,520,393,127,2025-12-08T00:00:00+00:00,2026-01-12T00:00:00+00:00,2026-01-12T00:00:00+00:00,2026-01-19T00:00:00+00:00,1
roll_01,B1,B,keep-imputed,839,672,167,2025-12-08T00:00:00+00:00,2026-01-12T00:00:00+00:00,2026-01-12T00:00:00+00:00,2026-01-19T00:00:00+00:00,1
roll_01,B2,B,clean-only,839,672,167,2025-12-08T00:00:00+00:00,2026-01-12T00:00:00+00:00,2026-01-12T00:00:00+00:00,2026-01-19T00:00:00+00:00,1
roll_01,B3,B,keep-imputed,839,672,167,2025-12-08T00:00:00+00:00,2026-01-12T00:00:00+00:00,2026-01-12T00:00:00+00:00,2026-01-19T00:00:00+00:00,1
roll_01,B4,B,clean-only,520,393,127,2025-12-08T00:00:00+00:00,2026-01-12T00:00:00+00:00,2026-01-12T00:00:00+00:00,2026-01-19T00:00:00+00:00,1
roll_02,A1,A,keep-imputed,1007,840,167,2025-12-08T00:00:00+00:00,2026-01-19T00:00:00+00:00,2026-01-19T00:00:00+00:00,2026-01-26T00:00:00+00:00,2
roll_02,A2,A,clean-only,1007,840,167,2025-12-08T00:00:00+00:00,2026-01-19T00:00:00+00:00,2026-01-19T00:00:00+00:00,2026-01-26T00:00:00+00:00,2
roll_02,A3,A,keep-imputed,1007,840,167,2025-12-08T00:00:00+00:00,2026-01-19T00:00:00+00:00,2026-01-19T00:00:00+00:00,2026-01-26T00:00:00+00:00,2
roll_02,A4,A,clean-only,659,521,138,2025-12-08T00:00:00+00:00,2026-01-19T00:00:00+00:00,2026-01-19T00:00:00+00:00,2026-01-26T00:00:00+00:00,2
roll_02,B1,B,keep-imputed,1007,840,167,2025-12-08T00:00:00+00:00,2026-01-19T00:00:00+00:00,2026-01-19T00:00:00+00:00,2026-01-26T00:00:00+00:00,2
roll_02,B2,B,clean-only,1007,840,167,2025-12-08T00:00:00+00:00,2026-01-19T00:00:00+00:00,2026-01-19T00:00:00+00:00,2026-01-26T00:00:00+00:00,2
roll_02,B3,B,keep-imputed,1007,840,167,2025-12-08T00:00:00+00:00,2026-01-19T00:00:00+00:00,2026-01-19T00:00:00+00:00,2026-01-26T00:00:00+00:00,2
roll_02,B4,B,clean-only,659,521,138,2025-12-08T00:00:00+00:00,2026-01-19T00:00:00+00:00,2026-01-19T00:00:00+00:00,2026-01-26T00:00:00+00:00,2
roll_03,A1,A,keep-imputed,1175,1008,167,2025-12-08T00:00:00+00:00,2026-01-26T00:00:00+00:00,2026-01-26T00:00:00+00:00,2026-02-02T00:00:00+00:00,3
roll_03,A2,A,clean-only,1175,1008,167,2025-12-08T00:00:00+00:00,2026-01-26T00:00:00+00:00,2026-01-26T00:00:00+00:00,2026-02-02T00:00:00+00:00,3
roll_03,A3,A,keep-imputed,1175,1008,167,2025-12-08T00:00:00+00:00,2026-01-26T00:00:00+00:00,2026-01-26T00:00:00+00:00,2026-02-02T00:00:00+00:00,3
roll_03,A4,A,clean-only,783,659,124,2025-12-08T00:00:00+00:00,2026-01-26T00:00:00+00:00,2026-01-26T00:00:00+00:00,2026-02-02T00:00:00+00:00,3
roll_03,B1,B,keep-imputed,1175,1008,167,2025-12-08T00:00:00+00:00,2026-01-26T00:00:00+00:00,2026-01-26T00:00:00+00:00,2026-02-02T00:00:00+00:00,3
roll_03,B2,B,clean-only,1175,1008,167,2025-12-08T00:00:00+00:00,2026-01-26T00:00:00+00:00,2026-01-26T00:00:00+00:00,2026-02-02T00:00:00+00:00,3
roll_03,B3,B,keep-imputed,1175,1008,167,2025-12-08T00:00:00+00:00,2026-01-26T00:00:00+00:00,2026-01-26T00:00:00+00:00,2026-02-02T00:00:00+00:00,3
roll_03,B4,B,clean-only,783,659,124,2025-12-08T00:00:00+00:00,2026-01-26T00:00:00+00:00,2026-01-26T00:00:00+00:00,2026-02-02T00:00:00+00:00,3
roll_04,A1,A,keep-imputed,1343,1176,167,2025-12-08T00:00:00+00:00,2026-02-02T00:00:00+00:00,2026-02-02T00:00:00+00:00,2026-02-09T00:00:00+00:00,4
roll_04,A2,A,clean-only,1326,1176,150,2025-12-08T00:00:00+00:00,2026-02-02T00:00:00+00:00,2026-02-02T00:00:00+00:00,2026-02-09T00:00:00+00:00,4
roll_04,A3,A,keep-imputed,1343,1176,167,2025-12-08T00:00:00+00:00,2026-02-02T00:00:00+00:00,2026-02-02T00:00:00+00:00,2026-02-09T00:00:00+00:00,4
roll_04,A4,A,clean-only,880,783,97,2025-12-08T00:00:00+00:00,2026-02-02T00:00:00+00:00,2026-02-02T00:00:00+00:00,2026-02-09T00:00:00+00:00,4
roll_04,B1,B,keep-imputed,1343,1176,167,2025-12-08T00:00:00+00:00,2026-02-02T00:00:00+00:00,2026-02-02T00:00:00+00:00,2026-02-09T00:00:00+00:00,4
roll_04,B2,B,clean-only,1326,1176,150,2025-12-08T00:00:00+00:00,2026-02-02T00:00:00+00:00,2026-02-02T00:00:00+00:00,2026-02-09T00:00:00+00:00,4
roll_04,B3,B,keep-imputed,1343,1176,167,2025-12-08T00:00:00+00:00,2026-02-02T00:00:00+00:00,2026-02-02T00:00:00+00:00,2026-02-09T00:00:00+00:00,4
roll_04,B4,B,clean-only,880,783,97,2025-12-08T00:00:00+00:00,2026-02-02T00:00:00+00:00,2026-02-02T00:00:00+00:00,2026-02-09T00:00:00+00:00,4
